/*
SQLyog Ultimate v12.08 (64 bit)
MySQL - 8.0.25 : Database - mimi-star
*********************************************************************
*/

/*!40101 SET NAMES utf8 */;

/*!40101 SET SQL_MODE=''*/;

/*!40014 SET @OLD_UNIQUE_CHECKS=@@UNIQUE_CHECKS, UNIQUE_CHECKS=0 */;
/*!40101 SET @OLD_SQL_MODE=@@SQL_MODE, SQL_MODE='NO_AUTO_VALUE_ON_ZERO' */;
/*!40111 SET @OLD_SQL_NOTES=@@SQL_NOTES, SQL_NOTES=0 */;
/*Table structure for table `demo_classes` */

DROP TABLE IF EXISTS `demo_classes`;

CREATE TABLE `demo_classes` (
  `classes_id` int NOT NULL AUTO_INCREMENT COMMENT '编号',
  `classes_name` varchar(30) CHARACTER SET utf8mb4 COLLATE utf8mb4_general_ci DEFAULT '' COMMENT '班级名称',
  `classes_grade` int DEFAULT NULL COMMENT '班级年级',
  `classes_teacher` varchar(30) CHARACTER SET utf8mb4 COLLATE utf8mb4_general_ci DEFAULT '' COMMENT '班主任',
  `status` char(1) CHARACTER SET utf8mb4 COLLATE utf8mb4_general_ci DEFAULT '0' COMMENT '状态（0正常 1停用）',
  `create_by` varchar(64) CHARACTER SET utf8mb4 COLLATE utf8mb4_general_ci DEFAULT '' COMMENT '创建者',
  `create_time` datetime DEFAULT NULL COMMENT '创建时间',
  `update_by` varchar(64) CHARACTER SET utf8mb4 COLLATE utf8mb4_general_ci DEFAULT '' COMMENT '更新者',
  `update_time` datetime DEFAULT NULL COMMENT '更新时间',
  `del_flag` tinyint DEFAULT '0' COMMENT '删除标志（0逻辑未删除值 1逻辑已删除值）',
  `remark` varchar(500) CHARACTER SET utf8mb4 COLLATE utf8mb4_general_ci DEFAULT NULL COMMENT '备注',
  PRIMARY KEY (`classes_id`)
) ENGINE=InnoDB AUTO_INCREMENT=4 DEFAULT CHARSET=utf8mb4 COLLATE=utf8mb4_general_ci COMMENT='主子表';

/*Data for the table `demo_classes` */

insert  into `demo_classes`(`classes_id`,`classes_name`,`classes_grade`,`classes_teacher`,`status`,`create_by`,`create_time`,`update_by`,`update_time`,`del_flag`,`remark`) values (3,'51班',5,'micah','0','admin','2023-07-23 23:37:15','admin','2023-07-23 23:37:15',0,NULL);

/*Table structure for table `demo_school` */

DROP TABLE IF EXISTS `demo_school`;

CREATE TABLE `demo_school` (
  `school_id` int NOT NULL AUTO_INCREMENT COMMENT '编号',
  `parent_id` bigint DEFAULT '0' COMMENT '父编号id',
  `ancestors` varchar(50) CHARACTER SET utf8mb4 COLLATE utf8mb4_general_ci DEFAULT '' COMMENT '祖级列表',
  `order_num` int DEFAULT '0' COMMENT '显示顺序',
  `school_name` varchar(30) CHARACTER SET utf8mb4 COLLATE utf8mb4_general_ci DEFAULT '' COMMENT '学生名称',
  `status` char(1) CHARACTER SET utf8mb4 COLLATE utf8mb4_general_ci DEFAULT '0' COMMENT '状态（0正常 1停用）',
  `create_by` varchar(64) CHARACTER SET utf8mb4 COLLATE utf8mb4_general_ci DEFAULT '' COMMENT '创建者',
  `create_time` datetime DEFAULT NULL COMMENT '创建时间',
  `update_by` varchar(64) CHARACTER SET utf8mb4 COLLATE utf8mb4_general_ci DEFAULT '' COMMENT '更新者',
  `update_time` datetime DEFAULT NULL COMMENT '更新时间',
  `del_flag` tinyint DEFAULT '0' COMMENT '删除标志（0逻辑未删除值 1逻辑已删除值）',
  `remark` varchar(500) CHARACTER SET utf8mb4 COLLATE utf8mb4_general_ci DEFAULT NULL COMMENT '备注',
  PRIMARY KEY (`school_id`)
) ENGINE=InnoDB AUTO_INCREMENT=3 DEFAULT CHARSET=utf8mb4 COLLATE=utf8mb4_general_ci COMMENT='树表';

/*Data for the table `demo_school` */

insert  into `demo_school`(`school_id`,`parent_id`,`ancestors`,`order_num`,`school_name`,`status`,`create_by`,`create_time`,`update_by`,`update_time`,`del_flag`,`remark`) values (1,0,'',1,'s1','0','admin','2023-07-23 23:21:24','admin','2023-07-23 23:21:24',0,NULL),(2,1,'',1,'ss1','0','admin','2023-07-23 23:21:42','admin','2023-07-23 23:21:42',0,NULL);

/*Table structure for table `demo_student` */

DROP TABLE IF EXISTS `demo_student`;

CREATE TABLE `demo_student` (
  `student_id` int NOT NULL AUTO_INCREMENT COMMENT '编号',
  `classes_id` int DEFAULT NULL COMMENT '所属班级ID',
  `student_name` varchar(30) CHARACTER SET utf8mb4 COLLATE utf8mb4_general_ci DEFAULT '' COMMENT '学生名称',
  `student_age` int DEFAULT NULL COMMENT '年龄',
  `student_sex` char(1) CHARACTER SET utf8mb4 COLLATE utf8mb4_general_ci DEFAULT '0' COMMENT '性别（0男 1女 2未知）',
  `student_birthday` datetime DEFAULT NULL COMMENT '生日',
  `STATUS` char(1) CHARACTER SET utf8mb4 COLLATE utf8mb4_general_ci DEFAULT '0' COMMENT '状态（0正常 1停用）',
  `create_by` varchar(64) CHARACTER SET utf8mb4 COLLATE utf8mb4_general_ci DEFAULT '' COMMENT '创建者',
  `create_time` datetime DEFAULT NULL COMMENT '创建时间',
  `update_by` varchar(64) CHARACTER SET utf8mb4 COLLATE utf8mb4_general_ci DEFAULT '' COMMENT '更新者',
  `update_time` datetime DEFAULT NULL COMMENT '更新时间',
  `del_flag` tinyint DEFAULT '0' COMMENT '删除标志（0逻辑未删除值 1逻辑已删除值）',
  `remark` varchar(500) CHARACTER SET utf8mb4 COLLATE utf8mb4_general_ci DEFAULT NULL COMMENT '备注',
  PRIMARY KEY (`student_id`)
) ENGINE=InnoDB AUTO_INCREMENT=2 DEFAULT CHARSET=utf8mb4 COLLATE=utf8mb4_general_ci COMMENT='单表';

/*Data for the table `demo_student` */

/*Table structure for table `gen_table` */

DROP TABLE IF EXISTS `gen_table`;

CREATE TABLE `gen_table` (
  `table_id` bigint NOT NULL AUTO_INCREMENT COMMENT '编号',
  `table_name` varchar(200) CHARACTER SET utf8mb4 COLLATE utf8mb4_general_ci DEFAULT '' COMMENT '表名称',
  `table_comment` varchar(500) CHARACTER SET utf8mb4 COLLATE utf8mb4_general_ci DEFAULT '' COMMENT '表描述',
  `sub_table_name` varchar(64) CHARACTER SET utf8mb4 COLLATE utf8mb4_general_ci DEFAULT NULL COMMENT '关联子表的表名',
  `sub_table_fk_name` varchar(64) CHARACTER SET utf8mb4 COLLATE utf8mb4_general_ci DEFAULT NULL COMMENT '子表关联的外键名',
  `class_name` varchar(100) CHARACTER SET utf8mb4 COLLATE utf8mb4_general_ci DEFAULT '' COMMENT '实体类名称',
  `tpl_category` varchar(200) CHARACTER SET utf8mb4 COLLATE utf8mb4_general_ci DEFAULT 'crud' COMMENT '使用的模板（crud单表操作 tree树表操作）',
  `package_name` varchar(100) CHARACTER SET utf8mb4 COLLATE utf8mb4_general_ci DEFAULT NULL COMMENT '生成包路径',
  `module_name` varchar(30) CHARACTER SET utf8mb4 COLLATE utf8mb4_general_ci DEFAULT NULL COMMENT '生成模块名',
  `business_name` varchar(30) CHARACTER SET utf8mb4 COLLATE utf8mb4_general_ci DEFAULT NULL COMMENT '生成业务名',
  `function_name` varchar(50) CHARACTER SET utf8mb4 COLLATE utf8mb4_general_ci DEFAULT NULL COMMENT '生成功能名',
  `function_author` varchar(50) CHARACTER SET utf8mb4 COLLATE utf8mb4_general_ci DEFAULT NULL COMMENT '生成功能作者',
  `gen_type` char(1) CHARACTER SET utf8mb4 COLLATE utf8mb4_general_ci DEFAULT '0' COMMENT '生成代码方式（0zip压缩包 1自定义路径）',
  `gen_path` varchar(200) CHARACTER SET utf8mb4 COLLATE utf8mb4_general_ci DEFAULT '/' COMMENT '生成路径（不填默认项目路径）',
  `options` varchar(1000) CHARACTER SET utf8mb4 COLLATE utf8mb4_general_ci DEFAULT NULL COMMENT '其它生成选项',
  `code_type` char(1) CHARACTER SET utf8mb4 COLLATE utf8mb4_general_ci DEFAULT '0' COMMENT '生成代码风格（0原生mybatis 1增强mybatis-plus）',
  `create_by` varchar(64) CHARACTER SET utf8mb4 COLLATE utf8mb4_general_ci DEFAULT '' COMMENT '创建者',
  `create_time` datetime DEFAULT NULL COMMENT '创建时间',
  `update_by` varchar(64) CHARACTER SET utf8mb4 COLLATE utf8mb4_general_ci DEFAULT '' COMMENT '更新者',
  `update_time` datetime DEFAULT NULL COMMENT '更新时间',
  `remark` varchar(500) CHARACTER SET utf8mb4 COLLATE utf8mb4_general_ci DEFAULT NULL COMMENT '备注',
  PRIMARY KEY (`table_id`)
) ENGINE=InnoDB AUTO_INCREMENT=14 DEFAULT CHARSET=utf8mb4 COLLATE=utf8mb4_general_ci COMMENT='代码生成业务表';

/*Data for the table `gen_table` */

insert  into `gen_table`(`table_id`,`table_name`,`table_comment`,`sub_table_name`,`sub_table_fk_name`,`class_name`,`tpl_category`,`package_name`,`module_name`,`business_name`,`function_name`,`function_author`,`gen_type`,`gen_path`,`options`,`code_type`,`create_by`,`create_time`,`update_by`,`update_time`,`remark`) values (9,'mimi_category','分类表','','','MimiCategory','tree','com.ruoyi.mimi','mimi','category','分类','Micah','0','/','{\"treeCode\":\"id\",\"treeName\":\"name\",\"treeParentCode\":\"parent_id\",\"parentMenuId\":\"2018\"}','1','admin','2023-07-24 17:23:22','','2023-07-24 17:32:28',NULL),(10,'mimi_information','系统信息表',NULL,NULL,'MimiInformation','crud','com.ruoyi.mimi','mimi','information','系统信息','Micah','0','/','{\"parentMenuId\":2018}','1','admin','2023-07-24 17:23:22','','2023-07-24 17:24:59',NULL),(11,'mimi_link','链接表','mimi_category','id','MimiLink','sub','com.ruoyi.mimi','mimi','link','链接','Micah','0','/','{\"parentMenuId\":2018}','1','admin','2023-07-24 17:23:22','','2023-07-24 17:25:40',NULL),(12,'mimi_message','留言表',NULL,NULL,'MimiMessage','crud','com.ruoyi.mimi','mimi','message','留言','Micah','0','/','{\"parentMenuId\":2018}','1','admin','2023-07-24 17:23:22','','2023-07-24 17:25:57',NULL),(13,'mimi_system_settings','系统设置表',NULL,NULL,'MimiSystemSettings','crud','com.ruoyi.mimi','mimi','settings','系统设置','Micah','0','/','{\"parentMenuId\":2018}','1','admin','2023-07-24 17:23:22','','2023-07-24 17:26:16',NULL);

/*Table structure for table `gen_table_column` */

DROP TABLE IF EXISTS `gen_table_column`;

CREATE TABLE `gen_table_column` (
  `column_id` bigint NOT NULL AUTO_INCREMENT COMMENT '编号',
  `table_id` varchar(64) CHARACTER SET utf8mb4 COLLATE utf8mb4_general_ci DEFAULT NULL COMMENT '归属表编号',
  `column_name` varchar(200) CHARACTER SET utf8mb4 COLLATE utf8mb4_general_ci DEFAULT NULL COMMENT '列名称',
  `column_comment` varchar(500) CHARACTER SET utf8mb4 COLLATE utf8mb4_general_ci DEFAULT NULL COMMENT '列描述',
  `column_type` varchar(100) CHARACTER SET utf8mb4 COLLATE utf8mb4_general_ci DEFAULT NULL COMMENT '列类型',
  `java_type` varchar(500) CHARACTER SET utf8mb4 COLLATE utf8mb4_general_ci DEFAULT NULL COMMENT 'JAVA类型',
  `java_field` varchar(200) CHARACTER SET utf8mb4 COLLATE utf8mb4_general_ci DEFAULT NULL COMMENT 'JAVA字段名',
  `is_pk` char(1) CHARACTER SET utf8mb4 COLLATE utf8mb4_general_ci DEFAULT NULL COMMENT '是否主键（1是）',
  `is_increment` char(1) CHARACTER SET utf8mb4 COLLATE utf8mb4_general_ci DEFAULT NULL COMMENT '是否自增（1是）',
  `is_required` char(1) CHARACTER SET utf8mb4 COLLATE utf8mb4_general_ci DEFAULT NULL COMMENT '是否必填（1是）',
  `is_insert` char(1) CHARACTER SET utf8mb4 COLLATE utf8mb4_general_ci DEFAULT NULL COMMENT '是否为插入字段（1是）',
  `is_edit` char(1) CHARACTER SET utf8mb4 COLLATE utf8mb4_general_ci DEFAULT NULL COMMENT '是否编辑字段（1是）',
  `is_list` char(1) CHARACTER SET utf8mb4 COLLATE utf8mb4_general_ci DEFAULT NULL COMMENT '是否列表字段（1是）',
  `is_query` char(1) CHARACTER SET utf8mb4 COLLATE utf8mb4_general_ci DEFAULT NULL COMMENT '是否查询字段（1是）',
  `query_type` varchar(200) CHARACTER SET utf8mb4 COLLATE utf8mb4_general_ci DEFAULT 'EQ' COMMENT '查询方式（等于、不等于、大于、小于、范围）',
  `html_type` varchar(200) CHARACTER SET utf8mb4 COLLATE utf8mb4_general_ci DEFAULT NULL COMMENT '显示类型（文本框、文本域、下拉框、复选框、单选框、日期控件）',
  `dict_type` varchar(200) CHARACTER SET utf8mb4 COLLATE utf8mb4_general_ci DEFAULT '' COMMENT '字典类型',
  `sort` int DEFAULT NULL COMMENT '排序',
  `create_by` varchar(64) CHARACTER SET utf8mb4 COLLATE utf8mb4_general_ci DEFAULT '' COMMENT '创建者',
  `create_time` datetime DEFAULT NULL COMMENT '创建时间',
  `update_by` varchar(64) CHARACTER SET utf8mb4 COLLATE utf8mb4_general_ci DEFAULT '' COMMENT '更新者',
  `update_time` datetime DEFAULT NULL COMMENT '更新时间',
  PRIMARY KEY (`column_id`)
) ENGINE=InnoDB AUTO_INCREMENT=144 DEFAULT CHARSET=utf8mb4 COLLATE=utf8mb4_general_ci COMMENT='代码生成业务表字段';

/*Data for the table `gen_table_column` */

insert  into `gen_table_column`(`column_id`,`table_id`,`column_name`,`column_comment`,`column_type`,`java_type`,`java_field`,`is_pk`,`is_increment`,`is_required`,`is_insert`,`is_edit`,`is_list`,`is_query`,`query_type`,`html_type`,`dict_type`,`sort`,`create_by`,`create_time`,`update_by`,`update_time`) values (85,'9','id','分类ID','int','Long','id','1','1',NULL,'1',NULL,NULL,'1','EQ','input','',1,'admin','2023-07-24 17:23:22','','2023-07-24 17:32:28'),(86,'9','parent_id','所属分类ID','int','Long','parentId','0','0',NULL,'1','1','1','1','EQ','input','',2,'admin','2023-07-24 17:23:22','','2023-07-24 17:32:28'),(87,'9','name','分类名称','varchar(255)','String','name','0','0','1','1','1','1','1','LIKE','input','',3,'admin','2023-07-24 17:23:22','','2023-07-24 17:32:28'),(88,'9','ancestors','祖级列表','varchar(255)','String','ancestors','0','0','1','1','1','1','1','EQ','input','',4,'admin','2023-07-24 17:23:22','','2023-07-24 17:32:28'),(89,'9','order_num','排序','int','Long','orderNum','0','0',NULL,'1','1','1','1','EQ','input','',5,'admin','2023-07-24 17:23:22','','2023-07-24 17:32:28'),(90,'9','pic','标签图片','varchar(255)','String','pic','0','0',NULL,'1','1','1','1','EQ','imageUpload','',6,'admin','2023-07-24 17:23:22','','2023-07-24 17:32:28'),(91,'9','is_show','是否显示','tinyint(1)','Integer','isShow','0','0','1','1','1','1','1','EQ','radio','mimi_yes_no',7,'admin','2023-07-24 17:23:22','','2023-07-24 17:32:28'),(92,'9','create_by','创建者','varchar(255)','String','createBy','0','0',NULL,'1',NULL,NULL,NULL,'EQ','input','',8,'admin','2023-07-24 17:23:22','','2023-07-24 17:32:28'),(93,'9','create_time','创建时间','datetime','Date','createTime','0','0',NULL,'1',NULL,NULL,NULL,'EQ','datetime','',9,'admin','2023-07-24 17:23:22','','2023-07-24 17:32:28'),(94,'9','update_by','更新者','varchar(255)','String','updateBy','0','0',NULL,'1','1',NULL,NULL,'EQ','input','',10,'admin','2023-07-24 17:23:22','','2023-07-24 17:32:28'),(95,'9','update_time','更新时间','datetime','Date','updateTime','0','0',NULL,'1','1',NULL,NULL,'EQ','datetime','',11,'admin','2023-07-24 17:23:22','','2023-07-24 17:32:28'),(96,'9','remark','备注','varchar(255)','String','remark','0','0',NULL,'1','1','1',NULL,'EQ','input','',12,'admin','2023-07-24 17:23:22','','2023-07-24 17:32:28'),(97,'9','del_flag','删除标志','tinyint(1)','Integer','delFlag','0','0',NULL,'1',NULL,NULL,NULL,'EQ','input','',13,'admin','2023-07-24 17:23:22','','2023-07-24 17:32:28'),(98,'10','id','信息ID','int','Long','id','1','1',NULL,'1',NULL,NULL,NULL,'EQ','input','',1,'admin','2023-07-24 17:23:22','','2023-07-24 17:24:59'),(99,'10','title','标题','varchar(100)','String','title','0','0','1','1','1','1','1','EQ','input','',2,'admin','2023-07-24 17:23:22','','2023-07-24 17:24:59'),(100,'10','content','内容','text','String','content','0','0','1','1','1','1','1','EQ','editor','',3,'admin','2023-07-24 17:23:22','','2023-07-24 17:24:59'),(101,'10','category','分类（0为系统，1为公告，2为个人信息）','tinyint(1)','Integer','category','0','0','1','1','1','1','1','EQ','input','',4,'admin','2023-07-24 17:23:22','','2023-07-24 17:24:59'),(102,'10','link','公告跳转链接','varchar(255)','String','link','0','0',NULL,'1','1','1','1','EQ','input','',5,'admin','2023-07-24 17:23:22','','2023-07-24 17:24:59'),(103,'10','create_by','创建者','varchar(255)','String','createBy','0','0',NULL,'1',NULL,NULL,NULL,'EQ','input','',6,'admin','2023-07-24 17:23:22','','2023-07-24 17:24:59'),(104,'10','create_time','创建时间','datetime','Date','createTime','0','0',NULL,'1',NULL,NULL,NULL,'EQ','datetime','',7,'admin','2023-07-24 17:23:22','','2023-07-24 17:24:59'),(105,'10','update_by','更新者','varchar(255)','String','updateBy','0','0',NULL,'1','1',NULL,NULL,'EQ','input','',8,'admin','2023-07-24 17:23:22','','2023-07-24 17:24:59'),(106,'10','update_time','更新时间','datetime','Date','updateTime','0','0',NULL,'1','1',NULL,NULL,'EQ','datetime','',9,'admin','2023-07-24 17:23:22','','2023-07-24 17:24:59'),(107,'10','remark','备注','varchar(255)','String','remark','0','0',NULL,'1','1','1',NULL,'EQ','input','',10,'admin','2023-07-24 17:23:22','','2023-07-24 17:24:59'),(108,'10','del_flag','删除标志','tinyint(1)','Integer','delFlag','0','0',NULL,'1',NULL,NULL,NULL,'EQ','input','',11,'admin','2023-07-24 17:23:22','','2023-07-24 17:24:59'),(109,'11','id','链接ID','bigint','Long','id','1','1',NULL,'1',NULL,NULL,NULL,'EQ','input','',1,'admin','2023-07-24 17:23:22','','2023-07-24 17:25:40'),(110,'11','title','标题','varchar(255)','String','title','0','0','1','1','1','1','1','EQ','input','',2,'admin','2023-07-24 17:23:22','','2023-07-24 17:25:40'),(111,'11','link_url','链接地址','varchar(255)','String','linkUrl','0','0',NULL,'1','1','1','1','EQ','input','',3,'admin','2023-07-24 17:23:22','','2023-07-24 17:25:40'),(112,'11','detail','详情','mediumtext','String','detail','0','0',NULL,'1','1','1','1','EQ','textarea','',4,'admin','2023-07-24 17:23:22','','2023-07-24 17:25:40'),(113,'11','tags','标签','varchar(255)','String','tags','0','0',NULL,'1','1','1','1','EQ','input','',5,'admin','2023-07-24 17:23:22','','2023-07-24 17:25:40'),(114,'11','pic','封面','varchar(255)','String','pic','0','0',NULL,'1','1','1','1','EQ','imageUpload','',6,'admin','2023-07-24 17:23:22','','2023-07-24 17:25:40'),(115,'11','category_id','分类ID','int','Long','categoryId','0','0',NULL,'1','1','1','1','EQ','input','',7,'admin','2023-07-24 17:23:22','','2023-07-24 17:25:40'),(116,'11','views','浏览量','bigint','Long','views','0','0',NULL,'1','1','1','1','EQ','input','',8,'admin','2023-07-24 17:23:22','','2023-07-24 17:25:40'),(117,'11','likes','点赞数','bigint','Long','likes','0','0',NULL,'1','1','1','1','EQ','input','',9,'admin','2023-07-24 17:23:22','','2023-07-24 17:25:40'),(118,'11','create_by','创建者','varchar(255)','String','createBy','0','0',NULL,'1',NULL,NULL,NULL,'EQ','input','',10,'admin','2023-07-24 17:23:22','','2023-07-24 17:25:40'),(119,'11','create_time','创建时间','datetime','Date','createTime','0','0',NULL,'1',NULL,NULL,NULL,'EQ','datetime','',11,'admin','2023-07-24 17:23:22','','2023-07-24 17:25:40'),(120,'11','update_by','更新者','varchar(255)','String','updateBy','0','0',NULL,'1','1',NULL,NULL,'EQ','input','',12,'admin','2023-07-24 17:23:22','','2023-07-24 17:25:40'),(121,'11','update_time','更新时间','datetime','Date','updateTime','0','0',NULL,'1','1',NULL,NULL,'EQ','datetime','',13,'admin','2023-07-24 17:23:22','','2023-07-24 17:25:40'),(122,'11','remark','备注','varchar(255)','String','remark','0','0',NULL,'1','1','1',NULL,'EQ','input','',14,'admin','2023-07-24 17:23:22','','2023-07-24 17:25:40'),(123,'11','del_flag','删除标志','tinyint(1)','Integer','delFlag','0','0',NULL,'1',NULL,NULL,NULL,'EQ','input','',15,'admin','2023-07-24 17:23:22','','2023-07-24 17:25:40'),(124,'12','id','留言ID','int','Long','id','1','1',NULL,'1',NULL,NULL,NULL,'EQ','input','',1,'admin','2023-07-24 17:23:22','','2023-07-24 17:25:57'),(125,'12','content','留言内容','text','String','content','0','0','1','1','1','1','1','EQ','editor','',2,'admin','2023-07-24 17:23:22','','2023-07-24 17:25:57'),(126,'12','username','用户名','varchar(50)','String','username','0','0','1','1','1','1','1','LIKE','input','',3,'admin','2023-07-24 17:23:22','','2023-07-24 17:25:57'),(127,'12','link_id','所属链接ID','int','Long','linkId','0','0','1','1','1','1','1','EQ','input','',4,'admin','2023-07-24 17:23:22','','2023-07-24 17:25:57'),(128,'12','email','邮箱','varchar(100)','String','email','0','0','1','1','1','1','1','EQ','input','',5,'admin','2023-07-24 17:23:22','','2023-07-24 17:25:57'),(129,'12','create_by','创建者','varchar(255)','String','createBy','0','0',NULL,'1',NULL,NULL,NULL,'EQ','input','',6,'admin','2023-07-24 17:23:22','','2023-07-24 17:25:57'),(130,'12','create_time','创建时间','datetime','Date','createTime','0','0',NULL,'1',NULL,NULL,NULL,'EQ','datetime','',7,'admin','2023-07-24 17:23:22','','2023-07-24 17:25:57'),(131,'12','update_by','更新者','varchar(255)','String','updateBy','0','0',NULL,'1','1',NULL,NULL,'EQ','input','',8,'admin','2023-07-24 17:23:22','','2023-07-24 17:25:57'),(132,'12','update_time','更新时间','datetime','Date','updateTime','0','0',NULL,'1','1',NULL,NULL,'EQ','datetime','',9,'admin','2023-07-24 17:23:22','','2023-07-24 17:25:57'),(133,'12','remark','备注','varchar(255)','String','remark','0','0',NULL,'1','1','1',NULL,'EQ','input','',10,'admin','2023-07-24 17:23:22','','2023-07-24 17:25:57'),(134,'12','del_flag','删除标志','tinyint(1)','Integer','delFlag','0','0',NULL,'1',NULL,NULL,NULL,'EQ','input','',11,'admin','2023-07-24 17:23:22','','2023-07-24 17:25:57'),(135,'13','id','主键ID','int','Long','id','1','1',NULL,'1',NULL,NULL,NULL,'EQ','input','',1,'admin','2023-07-24 17:23:22','','2023-07-24 17:26:16'),(136,'13','setting_key','设置键','varchar(255)','String','settingKey','0','0','1','1','1','1','1','EQ','input','',2,'admin','2023-07-24 17:23:22','','2023-07-24 17:26:16'),(137,'13','setting_value','设置值','varchar(255)','String','settingValue','0','0','1','1','1','1','1','EQ','input','',3,'admin','2023-07-24 17:23:22','','2023-07-24 17:26:16'),(138,'13','create_by','创建者','varchar(255)','String','createBy','0','0',NULL,'1',NULL,NULL,NULL,'EQ','input','',4,'admin','2023-07-24 17:23:22','','2023-07-24 17:26:16'),(139,'13','create_time','创建时间','datetime','Date','createTime','0','0',NULL,'1',NULL,NULL,NULL,'EQ','datetime','',5,'admin','2023-07-24 17:23:22','','2023-07-24 17:26:16'),(140,'13','update_by','更新者','varchar(255)','String','updateBy','0','0',NULL,'1','1',NULL,NULL,'EQ','input','',6,'admin','2023-07-24 17:23:22','','2023-07-24 17:26:16'),(141,'13','update_time','更新时间','datetime','Date','updateTime','0','0',NULL,'1','1',NULL,NULL,'EQ','datetime','',7,'admin','2023-07-24 17:23:22','','2023-07-24 17:26:16'),(142,'13','remark','备注','varchar(255)','String','remark','0','0',NULL,'1','1','1',NULL,'EQ','input','',8,'admin','2023-07-24 17:23:22','','2023-07-24 17:26:16'),(143,'13','del_flag','删除标志','tinyint(1)','Integer','delFlag','0','0',NULL,'1',NULL,NULL,NULL,'EQ','input','',9,'admin','2023-07-24 17:23:22','','2023-07-24 17:26:16');

/*Table structure for table `qrtz_blob_triggers` */

DROP TABLE IF EXISTS `qrtz_blob_triggers`;

CREATE TABLE `qrtz_blob_triggers` (
  `sched_name` varchar(120) CHARACTER SET utf8mb4 COLLATE utf8mb4_general_ci NOT NULL COMMENT '调度名称',
  `trigger_name` varchar(200) CHARACTER SET utf8mb4 COLLATE utf8mb4_general_ci NOT NULL COMMENT 'qrtz_triggers表trigger_name的外键',
  `trigger_group` varchar(200) CHARACTER SET utf8mb4 COLLATE utf8mb4_general_ci NOT NULL COMMENT 'qrtz_triggers表trigger_group的外键',
  `blob_data` blob COMMENT '存放持久化Trigger对象',
  PRIMARY KEY (`sched_name`,`trigger_name`,`trigger_group`),
  CONSTRAINT `qrtz_blob_triggers_ibfk_1` FOREIGN KEY (`sched_name`, `trigger_name`, `trigger_group`) REFERENCES `qrtz_triggers` (`sched_name`, `trigger_name`, `trigger_group`)
) ENGINE=InnoDB DEFAULT CHARSET=utf8mb4 COLLATE=utf8mb4_general_ci COMMENT='Blob类型的触发器表';

/*Data for the table `qrtz_blob_triggers` */

/*Table structure for table `qrtz_calendars` */

DROP TABLE IF EXISTS `qrtz_calendars`;

CREATE TABLE `qrtz_calendars` (
  `sched_name` varchar(120) CHARACTER SET utf8mb4 COLLATE utf8mb4_general_ci NOT NULL COMMENT '调度名称',
  `calendar_name` varchar(200) CHARACTER SET utf8mb4 COLLATE utf8mb4_general_ci NOT NULL COMMENT '日历名称',
  `calendar` blob NOT NULL COMMENT '存放持久化calendar对象',
  PRIMARY KEY (`sched_name`,`calendar_name`)
) ENGINE=InnoDB DEFAULT CHARSET=utf8mb4 COLLATE=utf8mb4_general_ci COMMENT='日历信息表';

/*Data for the table `qrtz_calendars` */

/*Table structure for table `qrtz_cron_triggers` */

DROP TABLE IF EXISTS `qrtz_cron_triggers`;

CREATE TABLE `qrtz_cron_triggers` (
  `sched_name` varchar(120) CHARACTER SET utf8mb4 COLLATE utf8mb4_general_ci NOT NULL COMMENT '调度名称',
  `trigger_name` varchar(200) CHARACTER SET utf8mb4 COLLATE utf8mb4_general_ci NOT NULL COMMENT 'qrtz_triggers表trigger_name的外键',
  `trigger_group` varchar(200) CHARACTER SET utf8mb4 COLLATE utf8mb4_general_ci NOT NULL COMMENT 'qrtz_triggers表trigger_group的外键',
  `cron_expression` varchar(200) CHARACTER SET utf8mb4 COLLATE utf8mb4_general_ci NOT NULL COMMENT 'cron表达式',
  `time_zone_id` varchar(80) CHARACTER SET utf8mb4 COLLATE utf8mb4_general_ci DEFAULT NULL COMMENT '时区',
  PRIMARY KEY (`sched_name`,`trigger_name`,`trigger_group`),
  CONSTRAINT `qrtz_cron_triggers_ibfk_1` FOREIGN KEY (`sched_name`, `trigger_name`, `trigger_group`) REFERENCES `qrtz_triggers` (`sched_name`, `trigger_name`, `trigger_group`)
) ENGINE=InnoDB DEFAULT CHARSET=utf8mb4 COLLATE=utf8mb4_general_ci COMMENT='Cron类型的触发器表';

/*Data for the table `qrtz_cron_triggers` */

/*Table structure for table `qrtz_fired_triggers` */

DROP TABLE IF EXISTS `qrtz_fired_triggers`;

CREATE TABLE `qrtz_fired_triggers` (
  `sched_name` varchar(120) CHARACTER SET utf8mb4 COLLATE utf8mb4_general_ci NOT NULL COMMENT '调度名称',
  `entry_id` varchar(95) CHARACTER SET utf8mb4 COLLATE utf8mb4_general_ci NOT NULL COMMENT '调度器实例id',
  `trigger_name` varchar(200) CHARACTER SET utf8mb4 COLLATE utf8mb4_general_ci NOT NULL COMMENT 'qrtz_triggers表trigger_name的外键',
  `trigger_group` varchar(200) CHARACTER SET utf8mb4 COLLATE utf8mb4_general_ci NOT NULL COMMENT 'qrtz_triggers表trigger_group的外键',
  `instance_name` varchar(200) CHARACTER SET utf8mb4 COLLATE utf8mb4_general_ci NOT NULL COMMENT '调度器实例名',
  `fired_time` bigint NOT NULL COMMENT '触发的时间',
  `sched_time` bigint NOT NULL COMMENT '定时器制定的时间',
  `priority` int NOT NULL COMMENT '优先级',
  `state` varchar(16) CHARACTER SET utf8mb4 COLLATE utf8mb4_general_ci NOT NULL COMMENT '状态',
  `job_name` varchar(200) CHARACTER SET utf8mb4 COLLATE utf8mb4_general_ci DEFAULT NULL COMMENT '任务名称',
  `job_group` varchar(200) CHARACTER SET utf8mb4 COLLATE utf8mb4_general_ci DEFAULT NULL COMMENT '任务组名',
  `is_nonconcurrent` varchar(1) CHARACTER SET utf8mb4 COLLATE utf8mb4_general_ci DEFAULT NULL COMMENT '是否并发',
  `requests_recovery` varchar(1) CHARACTER SET utf8mb4 COLLATE utf8mb4_general_ci DEFAULT NULL COMMENT '是否接受恢复执行',
  PRIMARY KEY (`sched_name`,`entry_id`)
) ENGINE=InnoDB DEFAULT CHARSET=utf8mb4 COLLATE=utf8mb4_general_ci COMMENT='已触发的触发器表';

/*Data for the table `qrtz_fired_triggers` */

/*Table structure for table `qrtz_job_details` */

DROP TABLE IF EXISTS `qrtz_job_details`;

CREATE TABLE `qrtz_job_details` (
  `sched_name` varchar(120) CHARACTER SET utf8mb4 COLLATE utf8mb4_general_ci NOT NULL COMMENT '调度名称',
  `job_name` varchar(200) CHARACTER SET utf8mb4 COLLATE utf8mb4_general_ci NOT NULL COMMENT '任务名称',
  `job_group` varchar(200) CHARACTER SET utf8mb4 COLLATE utf8mb4_general_ci NOT NULL COMMENT '任务组名',
  `description` varchar(250) CHARACTER SET utf8mb4 COLLATE utf8mb4_general_ci DEFAULT NULL COMMENT '相关介绍',
  `job_class_name` varchar(250) CHARACTER SET utf8mb4 COLLATE utf8mb4_general_ci NOT NULL COMMENT '执行任务类名称',
  `is_durable` varchar(1) CHARACTER SET utf8mb4 COLLATE utf8mb4_general_ci NOT NULL COMMENT '是否持久化',
  `is_nonconcurrent` varchar(1) CHARACTER SET utf8mb4 COLLATE utf8mb4_general_ci NOT NULL COMMENT '是否并发',
  `is_update_data` varchar(1) CHARACTER SET utf8mb4 COLLATE utf8mb4_general_ci NOT NULL COMMENT '是否更新数据',
  `requests_recovery` varchar(1) CHARACTER SET utf8mb4 COLLATE utf8mb4_general_ci NOT NULL COMMENT '是否接受恢复执行',
  `job_data` blob COMMENT '存放持久化job对象',
  PRIMARY KEY (`sched_name`,`job_name`,`job_group`)
) ENGINE=InnoDB DEFAULT CHARSET=utf8mb4 COLLATE=utf8mb4_general_ci COMMENT='任务详细信息表';

/*Data for the table `qrtz_job_details` */

/*Table structure for table `qrtz_locks` */

DROP TABLE IF EXISTS `qrtz_locks`;

CREATE TABLE `qrtz_locks` (
  `sched_name` varchar(120) CHARACTER SET utf8mb4 COLLATE utf8mb4_general_ci NOT NULL COMMENT '调度名称',
  `lock_name` varchar(40) CHARACTER SET utf8mb4 COLLATE utf8mb4_general_ci NOT NULL COMMENT '悲观锁名称',
  PRIMARY KEY (`sched_name`,`lock_name`)
) ENGINE=InnoDB DEFAULT CHARSET=utf8mb4 COLLATE=utf8mb4_general_ci COMMENT='存储的悲观锁信息表';

/*Data for the table `qrtz_locks` */

/*Table structure for table `qrtz_paused_trigger_grps` */

DROP TABLE IF EXISTS `qrtz_paused_trigger_grps`;

CREATE TABLE `qrtz_paused_trigger_grps` (
  `sched_name` varchar(120) CHARACTER SET utf8mb4 COLLATE utf8mb4_general_ci NOT NULL COMMENT '调度名称',
  `trigger_group` varchar(200) CHARACTER SET utf8mb4 COLLATE utf8mb4_general_ci NOT NULL COMMENT 'qrtz_triggers表trigger_group的外键',
  PRIMARY KEY (`sched_name`,`trigger_group`)
) ENGINE=InnoDB DEFAULT CHARSET=utf8mb4 COLLATE=utf8mb4_general_ci COMMENT='暂停的触发器表';

/*Data for the table `qrtz_paused_trigger_grps` */

/*Table structure for table `qrtz_scheduler_state` */

DROP TABLE IF EXISTS `qrtz_scheduler_state`;

CREATE TABLE `qrtz_scheduler_state` (
  `sched_name` varchar(120) CHARACTER SET utf8mb4 COLLATE utf8mb4_general_ci NOT NULL COMMENT '调度名称',
  `instance_name` varchar(200) CHARACTER SET utf8mb4 COLLATE utf8mb4_general_ci NOT NULL COMMENT '实例名称',
  `last_checkin_time` bigint NOT NULL COMMENT '上次检查时间',
  `checkin_interval` bigint NOT NULL COMMENT '检查间隔时间',
  PRIMARY KEY (`sched_name`,`instance_name`)
) ENGINE=InnoDB DEFAULT CHARSET=utf8mb4 COLLATE=utf8mb4_general_ci COMMENT='调度器状态表';

/*Data for the table `qrtz_scheduler_state` */

/*Table structure for table `qrtz_simple_triggers` */

DROP TABLE IF EXISTS `qrtz_simple_triggers`;

CREATE TABLE `qrtz_simple_triggers` (
  `sched_name` varchar(120) CHARACTER SET utf8mb4 COLLATE utf8mb4_general_ci NOT NULL COMMENT '调度名称',
  `trigger_name` varchar(200) CHARACTER SET utf8mb4 COLLATE utf8mb4_general_ci NOT NULL COMMENT 'qrtz_triggers表trigger_name的外键',
  `trigger_group` varchar(200) CHARACTER SET utf8mb4 COLLATE utf8mb4_general_ci NOT NULL COMMENT 'qrtz_triggers表trigger_group的外键',
  `repeat_count` bigint NOT NULL COMMENT '重复的次数统计',
  `repeat_interval` bigint NOT NULL COMMENT '重复的间隔时间',
  `times_triggered` bigint NOT NULL COMMENT '已经触发的次数',
  PRIMARY KEY (`sched_name`,`trigger_name`,`trigger_group`),
  CONSTRAINT `qrtz_simple_triggers_ibfk_1` FOREIGN KEY (`sched_name`, `trigger_name`, `trigger_group`) REFERENCES `qrtz_triggers` (`sched_name`, `trigger_name`, `trigger_group`)
) ENGINE=InnoDB DEFAULT CHARSET=utf8mb4 COLLATE=utf8mb4_general_ci COMMENT='简单触发器的信息表';

/*Data for the table `qrtz_simple_triggers` */

/*Table structure for table `qrtz_simprop_triggers` */

DROP TABLE IF EXISTS `qrtz_simprop_triggers`;

CREATE TABLE `qrtz_simprop_triggers` (
  `sched_name` varchar(120) CHARACTER SET utf8mb4 COLLATE utf8mb4_general_ci NOT NULL COMMENT '调度名称',
  `trigger_name` varchar(200) CHARACTER SET utf8mb4 COLLATE utf8mb4_general_ci NOT NULL COMMENT 'qrtz_triggers表trigger_name的外键',
  `trigger_group` varchar(200) CHARACTER SET utf8mb4 COLLATE utf8mb4_general_ci NOT NULL COMMENT 'qrtz_triggers表trigger_group的外键',
  `str_prop_1` varchar(512) CHARACTER SET utf8mb4 COLLATE utf8mb4_general_ci DEFAULT NULL COMMENT 'String类型的trigger的第一个参数',
  `str_prop_2` varchar(512) CHARACTER SET utf8mb4 COLLATE utf8mb4_general_ci DEFAULT NULL COMMENT 'String类型的trigger的第二个参数',
  `str_prop_3` varchar(512) CHARACTER SET utf8mb4 COLLATE utf8mb4_general_ci DEFAULT NULL COMMENT 'String类型的trigger的第三个参数',
  `int_prop_1` int DEFAULT NULL COMMENT 'int类型的trigger的第一个参数',
  `int_prop_2` int DEFAULT NULL COMMENT 'int类型的trigger的第二个参数',
  `long_prop_1` bigint DEFAULT NULL COMMENT 'long类型的trigger的第一个参数',
  `long_prop_2` bigint DEFAULT NULL COMMENT 'long类型的trigger的第二个参数',
  `dec_prop_1` decimal(13,4) DEFAULT NULL COMMENT 'decimal类型的trigger的第一个参数',
  `dec_prop_2` decimal(13,4) DEFAULT NULL COMMENT 'decimal类型的trigger的第二个参数',
  `bool_prop_1` varchar(1) CHARACTER SET utf8mb4 COLLATE utf8mb4_general_ci DEFAULT NULL COMMENT 'Boolean类型的trigger的第一个参数',
  `bool_prop_2` varchar(1) CHARACTER SET utf8mb4 COLLATE utf8mb4_general_ci DEFAULT NULL COMMENT 'Boolean类型的trigger的第二个参数',
  PRIMARY KEY (`sched_name`,`trigger_name`,`trigger_group`),
  CONSTRAINT `qrtz_simprop_triggers_ibfk_1` FOREIGN KEY (`sched_name`, `trigger_name`, `trigger_group`) REFERENCES `qrtz_triggers` (`sched_name`, `trigger_name`, `trigger_group`)
) ENGINE=InnoDB DEFAULT CHARSET=utf8mb4 COLLATE=utf8mb4_general_ci COMMENT='同步机制的行锁表';

/*Data for the table `qrtz_simprop_triggers` */

/*Table structure for table `qrtz_triggers` */

DROP TABLE IF EXISTS `qrtz_triggers`;

CREATE TABLE `qrtz_triggers` (
  `sched_name` varchar(120) CHARACTER SET utf8mb4 COLLATE utf8mb4_general_ci NOT NULL COMMENT '调度名称',
  `trigger_name` varchar(200) CHARACTER SET utf8mb4 COLLATE utf8mb4_general_ci NOT NULL COMMENT '触发器的名字',
  `trigger_group` varchar(200) CHARACTER SET utf8mb4 COLLATE utf8mb4_general_ci NOT NULL COMMENT '触发器所属组的名字',
  `job_name` varchar(200) CHARACTER SET utf8mb4 COLLATE utf8mb4_general_ci NOT NULL COMMENT 'qrtz_job_details表job_name的外键',
  `job_group` varchar(200) CHARACTER SET utf8mb4 COLLATE utf8mb4_general_ci NOT NULL COMMENT 'qrtz_job_details表job_group的外键',
  `description` varchar(250) CHARACTER SET utf8mb4 COLLATE utf8mb4_general_ci DEFAULT NULL COMMENT '相关介绍',
  `next_fire_time` bigint DEFAULT NULL COMMENT '上一次触发时间（毫秒）',
  `prev_fire_time` bigint DEFAULT NULL COMMENT '下一次触发时间（默认为-1表示不触发）',
  `priority` int DEFAULT NULL COMMENT '优先级',
  `trigger_state` varchar(16) CHARACTER SET utf8mb4 COLLATE utf8mb4_general_ci NOT NULL COMMENT '触发器状态',
  `trigger_type` varchar(8) CHARACTER SET utf8mb4 COLLATE utf8mb4_general_ci NOT NULL COMMENT '触发器的类型',
  `start_time` bigint NOT NULL COMMENT '开始时间',
  `end_time` bigint DEFAULT NULL COMMENT '结束时间',
  `calendar_name` varchar(200) CHARACTER SET utf8mb4 COLLATE utf8mb4_general_ci DEFAULT NULL COMMENT '日程表名称',
  `misfire_instr` smallint DEFAULT NULL COMMENT '补偿执行的策略',
  `job_data` blob COMMENT '存放持久化job对象',
  PRIMARY KEY (`sched_name`,`trigger_name`,`trigger_group`),
  KEY `sched_name` (`sched_name`,`job_name`,`job_group`),
  CONSTRAINT `qrtz_triggers_ibfk_1` FOREIGN KEY (`sched_name`, `job_name`, `job_group`) REFERENCES `qrtz_job_details` (`sched_name`, `job_name`, `job_group`)
) ENGINE=InnoDB DEFAULT CHARSET=utf8mb4 COLLATE=utf8mb4_general_ci COMMENT='触发器详细信息表';

/*Data for the table `qrtz_triggers` */

/*Table structure for table `sys_config` */

DROP TABLE IF EXISTS `sys_config`;

CREATE TABLE `sys_config` (
  `config_id` int NOT NULL AUTO_INCREMENT COMMENT '参数主键',
  `config_name` varchar(100) CHARACTER SET utf8mb4 COLLATE utf8mb4_general_ci DEFAULT '' COMMENT '参数名称',
  `config_key` varchar(100) CHARACTER SET utf8mb4 COLLATE utf8mb4_general_ci DEFAULT '' COMMENT '参数键名',
  `config_value` varchar(500) CHARACTER SET utf8mb4 COLLATE utf8mb4_general_ci DEFAULT '' COMMENT '参数键值',
  `config_type` char(1) CHARACTER SET utf8mb4 COLLATE utf8mb4_general_ci DEFAULT 'N' COMMENT '系统内置（Y是 N否）',
  `create_by` varchar(64) CHARACTER SET utf8mb4 COLLATE utf8mb4_general_ci DEFAULT '' COMMENT '创建者',
  `create_time` datetime DEFAULT NULL COMMENT '创建时间',
  `update_by` varchar(64) CHARACTER SET utf8mb4 COLLATE utf8mb4_general_ci DEFAULT '' COMMENT '更新者',
  `update_time` datetime DEFAULT NULL COMMENT '更新时间',
  `remark` varchar(500) CHARACTER SET utf8mb4 COLLATE utf8mb4_general_ci DEFAULT NULL COMMENT '备注',
  PRIMARY KEY (`config_id`)
) ENGINE=InnoDB AUTO_INCREMENT=100 DEFAULT CHARSET=utf8mb4 COLLATE=utf8mb4_general_ci COMMENT='参数配置表';

/*Data for the table `sys_config` */

insert  into `sys_config`(`config_id`,`config_name`,`config_key`,`config_value`,`config_type`,`create_by`,`create_time`,`update_by`,`update_time`,`remark`) values (1,'主框架页-默认皮肤样式名称','sys.index.skinName','skin-blue','Y','admin','2023-07-05 22:03:49','',NULL,'蓝色 skin-blue、绿色 skin-green、紫色 skin-purple、红色 skin-red、黄色 skin-yellow'),(2,'用户管理-账号初始密码','sys.user.initPassword','123456','Y','admin','2023-07-05 22:03:49','',NULL,'初始化密码 123456'),(3,'主框架页-侧边栏主题','sys.index.sideTheme','theme-dark','Y','admin','2023-07-05 22:03:49','',NULL,'深色主题theme-dark，浅色主题theme-light'),(4,'账号自助-验证码开关','sys.account.captchaEnabled','true','Y','admin','2023-07-05 22:03:49','',NULL,'是否开启验证码功能（true开启，false关闭）'),(5,'账号自助-是否开启用户注册功能','sys.account.registerUser','false','Y','admin','2023-07-05 22:03:49','',NULL,'是否开启注册用户功能（true开启，false关闭）'),(6,'用户登录-黑名单列表','sys.login.blackIPList','','Y','admin','2023-07-05 22:03:49','',NULL,'设置登录IP黑名单限制，多个匹配项以;分隔，支持匹配（*通配、网段）');

/*Table structure for table `sys_dept` */

DROP TABLE IF EXISTS `sys_dept`;

CREATE TABLE `sys_dept` (
  `dept_id` bigint NOT NULL AUTO_INCREMENT COMMENT '部门id',
  `parent_id` bigint DEFAULT '0' COMMENT '父部门id',
  `ancestors` varchar(50) CHARACTER SET utf8mb4 COLLATE utf8mb4_general_ci DEFAULT '' COMMENT '祖级列表',
  `dept_name` varchar(30) CHARACTER SET utf8mb4 COLLATE utf8mb4_general_ci DEFAULT '' COMMENT '部门名称',
  `order_num` int DEFAULT '0' COMMENT '显示顺序',
  `leader` varchar(20) CHARACTER SET utf8mb4 COLLATE utf8mb4_general_ci DEFAULT NULL COMMENT '负责人',
  `phone` varchar(11) CHARACTER SET utf8mb4 COLLATE utf8mb4_general_ci DEFAULT NULL COMMENT '联系电话',
  `email` varchar(50) CHARACTER SET utf8mb4 COLLATE utf8mb4_general_ci DEFAULT NULL COMMENT '邮箱',
  `status` char(1) CHARACTER SET utf8mb4 COLLATE utf8mb4_general_ci DEFAULT '0' COMMENT '部门状态（0正常 1停用）',
  `del_flag` char(1) CHARACTER SET utf8mb4 COLLATE utf8mb4_general_ci DEFAULT '0' COMMENT '删除标志（0代表存在 2代表删除）',
  `create_by` varchar(64) CHARACTER SET utf8mb4 COLLATE utf8mb4_general_ci DEFAULT '' COMMENT '创建者',
  `create_time` datetime DEFAULT NULL COMMENT '创建时间',
  `update_by` varchar(64) CHARACTER SET utf8mb4 COLLATE utf8mb4_general_ci DEFAULT '' COMMENT '更新者',
  `update_time` datetime DEFAULT NULL COMMENT '更新时间',
  PRIMARY KEY (`dept_id`)
) ENGINE=InnoDB AUTO_INCREMENT=200 DEFAULT CHARSET=utf8mb4 COLLATE=utf8mb4_general_ci COMMENT='部门表';

/*Data for the table `sys_dept` */

insert  into `sys_dept`(`dept_id`,`parent_id`,`ancestors`,`dept_name`,`order_num`,`leader`,`phone`,`email`,`status`,`del_flag`,`create_by`,`create_time`,`update_by`,`update_time`) values (100,0,'0','若依科技',0,'若依','15888888888','ry@qq.com','0','0','admin','2023-07-05 22:03:19','',NULL),(101,100,'0,100','深圳总公司',1,'若依','15888888888','ry@qq.com','0','0','admin','2023-07-05 22:03:19','',NULL),(102,100,'0,100','长沙分公司',2,'若依','15888888888','ry@qq.com','0','0','admin','2023-07-05 22:03:19','',NULL),(103,101,'0,100,101','研发部门',1,'若依','15888888888','ry@qq.com','0','0','admin','2023-07-05 22:03:19','',NULL),(104,101,'0,100,101','市场部门',2,'若依','15888888888','ry@qq.com','0','0','admin','2023-07-05 22:03:19','',NULL),(105,101,'0,100,101','测试部门',3,'若依','15888888888','ry@qq.com','0','0','admin','2023-07-05 22:03:19','',NULL),(106,101,'0,100,101','财务部门',4,'若依','15888888888','ry@qq.com','0','0','admin','2023-07-05 22:03:19','',NULL),(107,101,'0,100,101','运维部门',5,'若依','15888888888','ry@qq.com','0','0','admin','2023-07-05 22:03:19','',NULL),(108,102,'0,100,102','市场部门',1,'若依','15888888888','ry@qq.com','0','0','admin','2023-07-05 22:03:19','',NULL),(109,102,'0,100,102','财务部门',2,'若依','15888888888','ry@qq.com','0','0','admin','2023-07-05 22:03:19','',NULL);

/*Table structure for table `sys_dict_data` */

DROP TABLE IF EXISTS `sys_dict_data`;

CREATE TABLE `sys_dict_data` (
  `dict_code` bigint NOT NULL AUTO_INCREMENT COMMENT '字典编码',
  `dict_sort` int DEFAULT '0' COMMENT '字典排序',
  `dict_label` varchar(100) CHARACTER SET utf8mb4 COLLATE utf8mb4_general_ci DEFAULT '' COMMENT '字典标签',
  `dict_value` varchar(100) CHARACTER SET utf8mb4 COLLATE utf8mb4_general_ci DEFAULT '' COMMENT '字典键值',
  `dict_type` varchar(100) CHARACTER SET utf8mb4 COLLATE utf8mb4_general_ci DEFAULT '' COMMENT '字典类型',
  `css_class` varchar(100) CHARACTER SET utf8mb4 COLLATE utf8mb4_general_ci DEFAULT NULL COMMENT '样式属性（其他样式扩展）',
  `list_class` varchar(100) CHARACTER SET utf8mb4 COLLATE utf8mb4_general_ci DEFAULT NULL COMMENT '表格回显样式',
  `is_default` char(1) CHARACTER SET utf8mb4 COLLATE utf8mb4_general_ci DEFAULT 'N' COMMENT '是否默认（Y是 N否）',
  `status` char(1) CHARACTER SET utf8mb4 COLLATE utf8mb4_general_ci DEFAULT '0' COMMENT '状态（0正常 1停用）',
  `create_by` varchar(64) CHARACTER SET utf8mb4 COLLATE utf8mb4_general_ci DEFAULT '' COMMENT '创建者',
  `create_time` datetime DEFAULT NULL COMMENT '创建时间',
  `update_by` varchar(64) CHARACTER SET utf8mb4 COLLATE utf8mb4_general_ci DEFAULT '' COMMENT '更新者',
  `update_time` datetime DEFAULT NULL COMMENT '更新时间',
  `remark` varchar(500) CHARACTER SET utf8mb4 COLLATE utf8mb4_general_ci DEFAULT NULL COMMENT '备注',
  PRIMARY KEY (`dict_code`)
) ENGINE=InnoDB AUTO_INCREMENT=104 DEFAULT CHARSET=utf8mb4 COLLATE=utf8mb4_general_ci COMMENT='字典数据表';

/*Data for the table `sys_dict_data` */

insert  into `sys_dict_data`(`dict_code`,`dict_sort`,`dict_label`,`dict_value`,`dict_type`,`css_class`,`list_class`,`is_default`,`status`,`create_by`,`create_time`,`update_by`,`update_time`,`remark`) values (1,1,'男','0','sys_user_sex','','','Y','0','admin','2023-07-05 22:03:46','',NULL,'性别男'),(2,2,'女','1','sys_user_sex','','','N','0','admin','2023-07-05 22:03:46','',NULL,'性别女'),(3,3,'未知','2','sys_user_sex','','','N','0','admin','2023-07-05 22:03:46','',NULL,'性别未知'),(4,1,'显示','0','sys_show_hide','','primary','Y','0','admin','2023-07-05 22:03:46','',NULL,'显示菜单'),(5,2,'隐藏','1','sys_show_hide','','danger','N','0','admin','2023-07-05 22:03:46','',NULL,'隐藏菜单'),(6,1,'正常','0','sys_normal_disable','','primary','Y','0','admin','2023-07-05 22:03:46','',NULL,'正常状态'),(7,2,'停用','1','sys_normal_disable','','danger','N','0','admin','2023-07-05 22:03:46','',NULL,'停用状态'),(8,1,'正常','0','sys_job_status','','primary','Y','0','admin','2023-07-05 22:03:46','',NULL,'正常状态'),(9,2,'暂停','1','sys_job_status','','danger','N','0','admin','2023-07-05 22:03:46','',NULL,'停用状态'),(10,1,'默认','DEFAULT','sys_job_group','','','Y','0','admin','2023-07-05 22:03:46','',NULL,'默认分组'),(11,2,'系统','SYSTEM','sys_job_group','','','N','0','admin','2023-07-05 22:03:46','',NULL,'系统分组'),(12,1,'是','Y','sys_yes_no','','primary','Y','0','admin','2023-07-05 22:03:46','',NULL,'系统默认是'),(13,2,'否','N','sys_yes_no','','danger','N','0','admin','2023-07-05 22:03:46','',NULL,'系统默认否'),(14,1,'通知','1','sys_notice_type','','warning','Y','0','admin','2023-07-05 22:03:46','',NULL,'通知'),(15,2,'公告','2','sys_notice_type','','success','N','0','admin','2023-07-05 22:03:46','',NULL,'公告'),(16,1,'正常','0','sys_notice_status','','primary','Y','0','admin','2023-07-05 22:03:46','',NULL,'正常状态'),(17,2,'关闭','1','sys_notice_status','','danger','N','0','admin','2023-07-05 22:03:47','',NULL,'关闭状态'),(18,99,'其他','0','sys_oper_type','','info','N','0','admin','2023-07-05 22:03:47','',NULL,'其他操作'),(19,1,'新增','1','sys_oper_type','','info','N','0','admin','2023-07-05 22:03:47','',NULL,'新增操作'),(20,2,'修改','2','sys_oper_type','','info','N','0','admin','2023-07-05 22:03:47','',NULL,'修改操作'),(21,3,'删除','3','sys_oper_type','','danger','N','0','admin','2023-07-05 22:03:47','',NULL,'删除操作'),(22,4,'授权','4','sys_oper_type','','primary','N','0','admin','2023-07-05 22:03:47','',NULL,'授权操作'),(23,5,'导出','5','sys_oper_type','','warning','N','0','admin','2023-07-05 22:03:47','',NULL,'导出操作'),(24,6,'导入','6','sys_oper_type','','warning','N','0','admin','2023-07-05 22:03:47','',NULL,'导入操作'),(25,7,'强退','7','sys_oper_type','','danger','N','0','admin','2023-07-05 22:03:47','',NULL,'强退操作'),(26,8,'生成代码','8','sys_oper_type','','warning','N','0','admin','2023-07-05 22:03:47','',NULL,'生成操作'),(27,9,'清空数据','9','sys_oper_type','','danger','N','0','admin','2023-07-05 22:03:47','',NULL,'清空操作'),(28,1,'成功','0','sys_common_status','','primary','N','0','admin','2023-07-05 22:03:47','',NULL,'正常状态'),(29,2,'失败','1','sys_common_status','','danger','N','0','admin','2023-07-05 22:03:47','',NULL,'停用状态'),(100,0,'未删除','0','mimi_default_del',NULL,'default','N','0','admin','2023-07-24 16:25:32','',NULL,NULL),(101,0,'已删除','1','mimi_default_del',NULL,'warning','N','0','admin','2023-07-24 16:25:49','',NULL,NULL),(102,0,'否','0','mimi_yes_no',NULL,'danger','N','0','admin','2023-07-24 16:28:20','',NULL,NULL),(103,0,'是','1','mimi_yes_no',NULL,'success','N','0','admin','2023-07-24 16:28:28','',NULL,NULL);

/*Table structure for table `sys_dict_type` */

DROP TABLE IF EXISTS `sys_dict_type`;

CREATE TABLE `sys_dict_type` (
  `dict_id` bigint NOT NULL AUTO_INCREMENT COMMENT '字典主键',
  `dict_name` varchar(100) CHARACTER SET utf8mb4 COLLATE utf8mb4_general_ci DEFAULT '' COMMENT '字典名称',
  `dict_type` varchar(100) CHARACTER SET utf8mb4 COLLATE utf8mb4_general_ci DEFAULT '' COMMENT '字典类型',
  `status` char(1) CHARACTER SET utf8mb4 COLLATE utf8mb4_general_ci DEFAULT '0' COMMENT '状态（0正常 1停用）',
  `create_by` varchar(64) CHARACTER SET utf8mb4 COLLATE utf8mb4_general_ci DEFAULT '' COMMENT '创建者',
  `create_time` datetime DEFAULT NULL COMMENT '创建时间',
  `update_by` varchar(64) CHARACTER SET utf8mb4 COLLATE utf8mb4_general_ci DEFAULT '' COMMENT '更新者',
  `update_time` datetime DEFAULT NULL COMMENT '更新时间',
  `remark` varchar(500) CHARACTER SET utf8mb4 COLLATE utf8mb4_general_ci DEFAULT NULL COMMENT '备注',
  PRIMARY KEY (`dict_id`),
  UNIQUE KEY `dict_type` (`dict_type`)
) ENGINE=InnoDB AUTO_INCREMENT=102 DEFAULT CHARSET=utf8mb4 COLLATE=utf8mb4_general_ci COMMENT='字典类型表';

/*Data for the table `sys_dict_type` */

insert  into `sys_dict_type`(`dict_id`,`dict_name`,`dict_type`,`status`,`create_by`,`create_time`,`update_by`,`update_time`,`remark`) values (1,'用户性别','sys_user_sex','0','admin','2023-07-05 22:03:43','',NULL,'用户性别列表'),(2,'菜单状态','sys_show_hide','0','admin','2023-07-05 22:03:43','',NULL,'菜单状态列表'),(3,'系统开关','sys_normal_disable','0','admin','2023-07-05 22:03:44','',NULL,'系统开关列表'),(4,'任务状态','sys_job_status','0','admin','2023-07-05 22:03:44','',NULL,'任务状态列表'),(5,'任务分组','sys_job_group','0','admin','2023-07-05 22:03:44','',NULL,'任务分组列表'),(6,'系统是否','sys_yes_no','0','admin','2023-07-05 22:03:44','',NULL,'系统是否列表'),(7,'通知类型','sys_notice_type','0','admin','2023-07-05 22:03:44','',NULL,'通知类型列表'),(8,'通知状态','sys_notice_status','0','admin','2023-07-05 22:03:44','',NULL,'通知状态列表'),(9,'操作类型','sys_oper_type','0','admin','2023-07-05 22:03:44','',NULL,'操作类型列表'),(10,'系统状态','sys_common_status','0','admin','2023-07-05 22:03:44','',NULL,'登录状态列表'),(100,'删除标志','mimi_default_del','0','admin','2023-07-24 16:24:57','admin','2023-07-24 16:27:57',NULL),(101,'是否判断','mimi_yes_no','0','admin','2023-07-24 16:27:40','',NULL,NULL);

/*Table structure for table `sys_job` */

DROP TABLE IF EXISTS `sys_job`;

CREATE TABLE `sys_job` (
  `job_id` bigint NOT NULL AUTO_INCREMENT COMMENT '任务ID',
  `job_name` varchar(64) CHARACTER SET utf8mb4 COLLATE utf8mb4_general_ci NOT NULL DEFAULT '' COMMENT '任务名称',
  `job_group` varchar(64) CHARACTER SET utf8mb4 COLLATE utf8mb4_general_ci NOT NULL DEFAULT 'DEFAULT' COMMENT '任务组名',
  `invoke_target` varchar(500) CHARACTER SET utf8mb4 COLLATE utf8mb4_general_ci NOT NULL COMMENT '调用目标字符串',
  `cron_expression` varchar(255) CHARACTER SET utf8mb4 COLLATE utf8mb4_general_ci DEFAULT '' COMMENT 'cron执行表达式',
  `misfire_policy` varchar(20) CHARACTER SET utf8mb4 COLLATE utf8mb4_general_ci DEFAULT '3' COMMENT '计划执行错误策略（1立即执行 2执行一次 3放弃执行）',
  `concurrent` char(1) CHARACTER SET utf8mb4 COLLATE utf8mb4_general_ci DEFAULT '1' COMMENT '是否并发执行（0允许 1禁止）',
  `status` char(1) CHARACTER SET utf8mb4 COLLATE utf8mb4_general_ci DEFAULT '0' COMMENT '状态（0正常 1暂停）',
  `create_by` varchar(64) CHARACTER SET utf8mb4 COLLATE utf8mb4_general_ci DEFAULT '' COMMENT '创建者',
  `create_time` datetime DEFAULT NULL COMMENT '创建时间',
  `update_by` varchar(64) CHARACTER SET utf8mb4 COLLATE utf8mb4_general_ci DEFAULT '' COMMENT '更新者',
  `update_time` datetime DEFAULT NULL COMMENT '更新时间',
  `remark` varchar(500) CHARACTER SET utf8mb4 COLLATE utf8mb4_general_ci DEFAULT '' COMMENT '备注信息',
  PRIMARY KEY (`job_id`,`job_name`,`job_group`)
) ENGINE=InnoDB AUTO_INCREMENT=100 DEFAULT CHARSET=utf8mb4 COLLATE=utf8mb4_general_ci COMMENT='定时任务调度表';

/*Data for the table `sys_job` */

insert  into `sys_job`(`job_id`,`job_name`,`job_group`,`invoke_target`,`cron_expression`,`misfire_policy`,`concurrent`,`status`,`create_by`,`create_time`,`update_by`,`update_time`,`remark`) values (1,'系统默认（无参）','DEFAULT','ryTask.ryNoParams','0/10 * * * * ?','3','1','1','admin','2023-07-05 22:03:54','',NULL,''),(2,'系统默认（有参）','DEFAULT','ryTask.ryParams(\'ry\')','0/15 * * * * ?','3','1','1','admin','2023-07-05 22:03:54','',NULL,''),(3,'系统默认（多参）','DEFAULT','ryTask.ryMultipleParams(\'ry\', true, 2000L, 316.50D, 100)','0/20 * * * * ?','3','1','1','admin','2023-07-05 22:03:54','',NULL,'');

/*Table structure for table `sys_job_log` */

DROP TABLE IF EXISTS `sys_job_log`;

CREATE TABLE `sys_job_log` (
  `job_log_id` bigint NOT NULL AUTO_INCREMENT COMMENT '任务日志ID',
  `job_name` varchar(64) CHARACTER SET utf8mb4 COLLATE utf8mb4_general_ci NOT NULL COMMENT '任务名称',
  `job_group` varchar(64) CHARACTER SET utf8mb4 COLLATE utf8mb4_general_ci NOT NULL COMMENT '任务组名',
  `invoke_target` varchar(500) CHARACTER SET utf8mb4 COLLATE utf8mb4_general_ci NOT NULL COMMENT '调用目标字符串',
  `job_message` varchar(500) CHARACTER SET utf8mb4 COLLATE utf8mb4_general_ci DEFAULT NULL COMMENT '日志信息',
  `status` char(1) CHARACTER SET utf8mb4 COLLATE utf8mb4_general_ci DEFAULT '0' COMMENT '执行状态（0正常 1失败）',
  `exception_info` varchar(2000) CHARACTER SET utf8mb4 COLLATE utf8mb4_general_ci DEFAULT '' COMMENT '异常信息',
  `create_time` datetime DEFAULT NULL COMMENT '创建时间',
  PRIMARY KEY (`job_log_id`)
) ENGINE=InnoDB DEFAULT CHARSET=utf8mb4 COLLATE=utf8mb4_general_ci COMMENT='定时任务调度日志表';

/*Data for the table `sys_job_log` */

/*Table structure for table `sys_logininfor` */

DROP TABLE IF EXISTS `sys_logininfor`;

CREATE TABLE `sys_logininfor` (
  `info_id` bigint NOT NULL AUTO_INCREMENT COMMENT '访问ID',
  `user_name` varchar(50) CHARACTER SET utf8mb4 COLLATE utf8mb4_general_ci DEFAULT '' COMMENT '用户账号',
  `ipaddr` varchar(128) CHARACTER SET utf8mb4 COLLATE utf8mb4_general_ci DEFAULT '' COMMENT '登录IP地址',
  `login_location` varchar(255) CHARACTER SET utf8mb4 COLLATE utf8mb4_general_ci DEFAULT '' COMMENT '登录地点',
  `browser` varchar(50) CHARACTER SET utf8mb4 COLLATE utf8mb4_general_ci DEFAULT '' COMMENT '浏览器类型',
  `os` varchar(50) CHARACTER SET utf8mb4 COLLATE utf8mb4_general_ci DEFAULT '' COMMENT '操作系统',
  `status` char(1) CHARACTER SET utf8mb4 COLLATE utf8mb4_general_ci DEFAULT '0' COMMENT '登录状态（0成功 1失败）',
  `msg` varchar(255) CHARACTER SET utf8mb4 COLLATE utf8mb4_general_ci DEFAULT '' COMMENT '提示消息',
  `login_time` datetime DEFAULT NULL COMMENT '访问时间',
  PRIMARY KEY (`info_id`),
  KEY `idx_sys_logininfor_s` (`status`),
  KEY `idx_sys_logininfor_lt` (`login_time`)
) ENGINE=InnoDB AUTO_INCREMENT=105 DEFAULT CHARSET=utf8mb4 COLLATE=utf8mb4_general_ci COMMENT='系统访问记录';

/*Data for the table `sys_logininfor` */

insert  into `sys_logininfor`(`info_id`,`user_name`,`ipaddr`,`login_location`,`browser`,`os`,`status`,`msg`,`login_time`) values (100,'admin','127.0.0.1','内网IP','Chrome 11','Windows 10','0','登录成功','2023-07-06 01:53:09'),(101,'admin','127.0.0.1','内网IP','Chrome 11','Windows 10','0','登录成功','2023-07-23 22:33:11'),(102,'admin','127.0.0.1','内网IP','Chrome 11','Windows 10','0','登录成功','2023-07-24 16:14:23'),(103,'admin','127.0.0.1','内网IP','Chrome 11','Windows 10','0','退出成功','2023-07-24 17:35:51'),(104,'admin','127.0.0.1','内网IP','Chrome 11','Windows 10','0','登录成功','2023-07-24 17:35:55');

/*Table structure for table `sys_menu` */

DROP TABLE IF EXISTS `sys_menu`;

CREATE TABLE `sys_menu` (
  `menu_id` bigint NOT NULL AUTO_INCREMENT COMMENT '菜单ID',
  `menu_name` varchar(50) CHARACTER SET utf8mb4 COLLATE utf8mb4_general_ci NOT NULL COMMENT '菜单名称',
  `parent_id` bigint DEFAULT '0' COMMENT '父菜单ID',
  `order_num` int DEFAULT '0' COMMENT '显示顺序',
  `path` varchar(200) CHARACTER SET utf8mb4 COLLATE utf8mb4_general_ci DEFAULT '' COMMENT '路由地址',
  `component` varchar(255) CHARACTER SET utf8mb4 COLLATE utf8mb4_general_ci DEFAULT NULL COMMENT '组件路径',
  `query` varchar(255) CHARACTER SET utf8mb4 COLLATE utf8mb4_general_ci DEFAULT NULL COMMENT '路由参数',
  `is_frame` int DEFAULT '1' COMMENT '是否为外链（0是 1否）',
  `is_cache` int DEFAULT '0' COMMENT '是否缓存（0缓存 1不缓存）',
  `menu_type` char(1) CHARACTER SET utf8mb4 COLLATE utf8mb4_general_ci DEFAULT '' COMMENT '菜单类型（M目录 C菜单 F按钮）',
  `visible` char(1) CHARACTER SET utf8mb4 COLLATE utf8mb4_general_ci DEFAULT '0' COMMENT '菜单状态（0显示 1隐藏）',
  `status` char(1) CHARACTER SET utf8mb4 COLLATE utf8mb4_general_ci DEFAULT '0' COMMENT '菜单状态（0正常 1停用）',
  `perms` varchar(100) CHARACTER SET utf8mb4 COLLATE utf8mb4_general_ci DEFAULT NULL COMMENT '权限标识',
  `icon` varchar(100) CHARACTER SET utf8mb4 COLLATE utf8mb4_general_ci DEFAULT '#' COMMENT '菜单图标',
  `create_by` varchar(64) CHARACTER SET utf8mb4 COLLATE utf8mb4_general_ci DEFAULT '' COMMENT '创建者',
  `create_time` datetime DEFAULT NULL COMMENT '创建时间',
  `update_by` varchar(64) CHARACTER SET utf8mb4 COLLATE utf8mb4_general_ci DEFAULT '' COMMENT '更新者',
  `update_time` datetime DEFAULT NULL COMMENT '更新时间',
  `remark` varchar(500) CHARACTER SET utf8mb4 COLLATE utf8mb4_general_ci DEFAULT '' COMMENT '备注',
  PRIMARY KEY (`menu_id`)
) ENGINE=InnoDB AUTO_INCREMENT=2049 DEFAULT CHARSET=utf8mb4 COLLATE=utf8mb4_general_ci COMMENT='菜单权限表';

/*Data for the table `sys_menu` */

insert  into `sys_menu`(`menu_id`,`menu_name`,`parent_id`,`order_num`,`path`,`component`,`query`,`is_frame`,`is_cache`,`menu_type`,`visible`,`status`,`perms`,`icon`,`create_by`,`create_time`,`update_by`,`update_time`,`remark`) values (1,'系统管理',0,1,'system',NULL,'',1,0,'M','0','0','','system','admin','2023-07-05 22:03:26','',NULL,'系统管理目录'),(2,'系统监控',0,2,'monitor',NULL,'',1,0,'M','0','0','','monitor','admin','2023-07-05 22:03:26','',NULL,'系统监控目录'),(3,'系统工具',0,3,'tool',NULL,'',1,0,'M','0','0','','tool','admin','2023-07-05 22:03:26','',NULL,'系统工具目录'),(4,'功能演示',0,4,'demo',NULL,'',1,0,'M','0','0','','example','admin','2023-07-05 22:05:32','',NULL,'功能演示目录'),(100,'用户管理',1,1,'user','system/user/index','',1,0,'C','0','0','system:user:list','user','admin','2023-07-05 22:03:26','',NULL,'用户管理菜单'),(101,'角色管理',1,2,'role','system/role/index','',1,0,'C','0','0','system:role:list','peoples','admin','2023-07-05 22:03:26','',NULL,'角色管理菜单'),(102,'菜单管理',1,3,'menu','system/menu/index','',1,0,'C','0','0','system:menu:list','tree-table','admin','2023-07-05 22:03:26','',NULL,'菜单管理菜单'),(103,'部门管理',1,4,'dept','system/dept/index','',1,0,'C','0','0','system:dept:list','tree','admin','2023-07-05 22:03:26','',NULL,'部门管理菜单'),(104,'岗位管理',1,5,'post','system/post/index','',1,0,'C','0','0','system:post:list','post','admin','2023-07-05 22:03:26','',NULL,'岗位管理菜单'),(105,'字典管理',1,6,'dict','system/dict/index','',1,0,'C','0','0','system:dict:list','dict','admin','2023-07-05 22:03:26','',NULL,'字典管理菜单'),(106,'参数设置',1,7,'config','system/config/index','',1,0,'C','0','0','system:config:list','edit','admin','2023-07-05 22:03:26','',NULL,'参数设置菜单'),(107,'通知公告',1,8,'notice','system/notice/index','',1,0,'C','0','0','system:notice:list','message','admin','2023-07-05 22:03:26','',NULL,'通知公告菜单'),(108,'日志管理',1,9,'log','','',1,0,'M','0','0','','log','admin','2023-07-05 22:03:26','',NULL,'日志管理菜单'),(109,'在线用户',2,1,'online','monitor/online/index','',1,0,'C','0','0','monitor:online:list','online','admin','2023-07-05 22:03:26','',NULL,'在线用户菜单'),(110,'定时任务',2,2,'job','monitor/job/index','',1,0,'C','0','0','monitor:job:list','job','admin','2023-07-05 22:03:26','',NULL,'定时任务菜单'),(111,'数据监控',2,3,'druid','monitor/druid/index','',1,0,'C','0','0','monitor:druid:list','druid','admin','2023-07-05 22:03:26','',NULL,'数据监控菜单'),(112,'服务监控',2,4,'server','monitor/server/index','',1,0,'C','0','0','monitor:server:list','server','admin','2023-07-05 22:03:26','',NULL,'服务监控菜单'),(113,'缓存监控',2,5,'cache','monitor/cache/index','',1,0,'C','0','0','monitor:cache:list','redis','admin','2023-07-05 22:03:26','',NULL,'缓存监控菜单'),(114,'缓存列表',2,6,'cacheList','monitor/cache/list','',1,0,'C','0','0','monitor:cache:list','redis-list','admin','2023-07-05 22:03:26','',NULL,'缓存列表菜单'),(115,'表单构建',3,1,'build','tool/build/index','',1,0,'C','0','0','tool:build:list','build','admin','2023-07-05 22:03:26','',NULL,'表单构建菜单'),(116,'代码生成',3,2,'gen','tool/gen/index','',1,0,'C','0','0','tool:gen:list','code','admin','2023-07-05 22:03:26','',NULL,'代码生成菜单'),(117,'系统接口',3,3,'swagger','tool/swagger/index','',1,0,'C','0','0','tool:swagger:list','swagger','admin','2023-07-05 22:03:26','',NULL,'系统接口菜单'),(500,'操作日志',108,1,'operlog','monitor/operlog/index','',1,0,'C','0','0','monitor:operlog:list','form','admin','2023-07-05 22:03:26','',NULL,'操作日志菜单'),(501,'登录日志',108,2,'logininfor','monitor/logininfor/index','',1,0,'C','0','0','monitor:logininfor:list','logininfor','admin','2023-07-05 22:03:26','',NULL,'登录日志菜单'),(1000,'用户查询',100,1,'','','',1,0,'F','0','0','system:user:query','#','admin','2023-07-05 22:03:26','',NULL,''),(1001,'用户新增',100,2,'','','',1,0,'F','0','0','system:user:add','#','admin','2023-07-05 22:03:26','',NULL,''),(1002,'用户修改',100,3,'','','',1,0,'F','0','0','system:user:edit','#','admin','2023-07-05 22:03:26','',NULL,''),(1003,'用户删除',100,4,'','','',1,0,'F','0','0','system:user:remove','#','admin','2023-07-05 22:03:26','',NULL,''),(1004,'用户导出',100,5,'','','',1,0,'F','0','0','system:user:export','#','admin','2023-07-05 22:03:26','',NULL,''),(1005,'用户导入',100,6,'','','',1,0,'F','0','0','system:user:import','#','admin','2023-07-05 22:03:26','',NULL,''),(1006,'重置密码',100,7,'','','',1,0,'F','0','0','system:user:resetPwd','#','admin','2023-07-05 22:03:26','',NULL,''),(1007,'角色查询',101,1,'','','',1,0,'F','0','0','system:role:query','#','admin','2023-07-05 22:03:26','',NULL,''),(1008,'角色新增',101,2,'','','',1,0,'F','0','0','system:role:add','#','admin','2023-07-05 22:03:26','',NULL,''),(1009,'角色修改',101,3,'','','',1,0,'F','0','0','system:role:edit','#','admin','2023-07-05 22:03:26','',NULL,''),(1010,'角色删除',101,4,'','','',1,0,'F','0','0','system:role:remove','#','admin','2023-07-05 22:03:26','',NULL,''),(1011,'角色导出',101,5,'','','',1,0,'F','0','0','system:role:export','#','admin','2023-07-05 22:03:26','',NULL,''),(1012,'菜单查询',102,1,'','','',1,0,'F','0','0','system:menu:query','#','admin','2023-07-05 22:03:26','',NULL,''),(1013,'菜单新增',102,2,'','','',1,0,'F','0','0','system:menu:add','#','admin','2023-07-05 22:03:26','',NULL,''),(1014,'菜单修改',102,3,'','','',1,0,'F','0','0','system:menu:edit','#','admin','2023-07-05 22:03:26','',NULL,''),(1015,'菜单删除',102,4,'','','',1,0,'F','0','0','system:menu:remove','#','admin','2023-07-05 22:03:26','',NULL,''),(1016,'部门查询',103,1,'','','',1,0,'F','0','0','system:dept:query','#','admin','2023-07-05 22:03:26','',NULL,''),(1017,'部门新增',103,2,'','','',1,0,'F','0','0','system:dept:add','#','admin','2023-07-05 22:03:26','',NULL,''),(1018,'部门修改',103,3,'','','',1,0,'F','0','0','system:dept:edit','#','admin','2023-07-05 22:03:26','',NULL,''),(1019,'部门删除',103,4,'','','',1,0,'F','0','0','system:dept:remove','#','admin','2023-07-05 22:03:26','',NULL,''),(1020,'岗位查询',104,1,'','','',1,0,'F','0','0','system:post:query','#','admin','2023-07-05 22:03:26','',NULL,''),(1021,'岗位新增',104,2,'','','',1,0,'F','0','0','system:post:add','#','admin','2023-07-05 22:03:26','',NULL,''),(1022,'岗位修改',104,3,'','','',1,0,'F','0','0','system:post:edit','#','admin','2023-07-05 22:03:26','',NULL,''),(1023,'岗位删除',104,4,'','','',1,0,'F','0','0','system:post:remove','#','admin','2023-07-05 22:03:27','',NULL,''),(1024,'岗位导出',104,5,'','','',1,0,'F','0','0','system:post:export','#','admin','2023-07-05 22:03:27','',NULL,''),(1025,'字典查询',105,1,'#','','',1,0,'F','0','0','system:dict:query','#','admin','2023-07-05 22:03:27','',NULL,''),(1026,'字典新增',105,2,'#','','',1,0,'F','0','0','system:dict:add','#','admin','2023-07-05 22:03:27','',NULL,''),(1027,'字典修改',105,3,'#','','',1,0,'F','0','0','system:dict:edit','#','admin','2023-07-05 22:03:27','',NULL,''),(1028,'字典删除',105,4,'#','','',1,0,'F','0','0','system:dict:remove','#','admin','2023-07-05 22:03:27','',NULL,''),(1029,'字典导出',105,5,'#','','',1,0,'F','0','0','system:dict:export','#','admin','2023-07-05 22:03:27','',NULL,''),(1030,'参数查询',106,1,'#','','',1,0,'F','0','0','system:config:query','#','admin','2023-07-05 22:03:27','',NULL,''),(1031,'参数新增',106,2,'#','','',1,0,'F','0','0','system:config:add','#','admin','2023-07-05 22:03:27','',NULL,''),(1032,'参数修改',106,3,'#','','',1,0,'F','0','0','system:config:edit','#','admin','2023-07-05 22:03:27','',NULL,''),(1033,'参数删除',106,4,'#','','',1,0,'F','0','0','system:config:remove','#','admin','2023-07-05 22:03:27','',NULL,''),(1034,'参数导出',106,5,'#','','',1,0,'F','0','0','system:config:export','#','admin','2023-07-05 22:03:27','',NULL,''),(1035,'公告查询',107,1,'#','','',1,0,'F','0','0','system:notice:query','#','admin','2023-07-05 22:03:27','',NULL,''),(1036,'公告新增',107,2,'#','','',1,0,'F','0','0','system:notice:add','#','admin','2023-07-05 22:03:27','',NULL,''),(1037,'公告修改',107,3,'#','','',1,0,'F','0','0','system:notice:edit','#','admin','2023-07-05 22:03:27','',NULL,''),(1038,'公告删除',107,4,'#','','',1,0,'F','0','0','system:notice:remove','#','admin','2023-07-05 22:03:27','',NULL,''),(1039,'操作查询',500,1,'#','','',1,0,'F','0','0','monitor:operlog:query','#','admin','2023-07-05 22:03:27','',NULL,''),(1040,'操作删除',500,2,'#','','',1,0,'F','0','0','monitor:operlog:remove','#','admin','2023-07-05 22:03:27','',NULL,''),(1041,'日志导出',500,3,'#','','',1,0,'F','0','0','monitor:operlog:export','#','admin','2023-07-05 22:03:27','',NULL,''),(1042,'登录查询',501,1,'#','','',1,0,'F','0','0','monitor:logininfor:query','#','admin','2023-07-05 22:03:27','',NULL,''),(1043,'登录删除',501,2,'#','','',1,0,'F','0','0','monitor:logininfor:remove','#','admin','2023-07-05 22:03:27','',NULL,''),(1044,'日志导出',501,3,'#','','',1,0,'F','0','0','monitor:logininfor:export','#','admin','2023-07-05 22:03:27','',NULL,''),(1045,'账户解锁',501,4,'#','','',1,0,'F','0','0','monitor:logininfor:unlock','#','admin','2023-07-05 22:03:27','',NULL,''),(1046,'在线查询',109,1,'#','','',1,0,'F','0','0','monitor:online:query','#','admin','2023-07-05 22:03:27','',NULL,''),(1047,'批量强退',109,2,'#','','',1,0,'F','0','0','monitor:online:batchLogout','#','admin','2023-07-05 22:03:27','',NULL,''),(1048,'单条强退',109,3,'#','','',1,0,'F','0','0','monitor:online:forceLogout','#','admin','2023-07-05 22:03:27','',NULL,''),(1049,'任务查询',110,1,'#','','',1,0,'F','0','0','monitor:job:query','#','admin','2023-07-05 22:03:28','',NULL,''),(1050,'任务新增',110,2,'#','','',1,0,'F','0','0','monitor:job:add','#','admin','2023-07-05 22:03:28','',NULL,''),(1051,'任务修改',110,3,'#','','',1,0,'F','0','0','monitor:job:edit','#','admin','2023-07-05 22:03:28','',NULL,''),(1052,'任务删除',110,4,'#','','',1,0,'F','0','0','monitor:job:remove','#','admin','2023-07-05 22:03:28','',NULL,''),(1053,'状态修改',110,5,'#','','',1,0,'F','0','0','monitor:job:changeStatus','#','admin','2023-07-05 22:03:28','',NULL,''),(1054,'任务导出',110,6,'#','','',1,0,'F','0','0','monitor:job:export','#','admin','2023-07-05 22:03:28','',NULL,''),(1055,'生成查询',116,1,'#','','',1,0,'F','0','0','tool:gen:query','#','admin','2023-07-05 22:03:28','',NULL,''),(1056,'生成修改',116,2,'#','','',1,0,'F','0','0','tool:gen:edit','#','admin','2023-07-05 22:03:28','',NULL,''),(1057,'生成删除',116,3,'#','','',1,0,'F','0','0','tool:gen:remove','#','admin','2023-07-05 22:03:28','',NULL,''),(1058,'导入代码',116,4,'#','','',1,0,'F','0','0','tool:gen:import','#','admin','2023-07-05 22:03:28','',NULL,''),(1059,'预览代码',116,5,'#','','',1,0,'F','0','0','tool:gen:preview','#','admin','2023-07-05 22:03:28','',NULL,''),(1060,'生成代码',116,6,'#','','',1,0,'F','0','0','tool:gen:code','#','admin','2023-07-05 22:03:28','',NULL,''),(2000,'主子',4,1,'classes','demo/classes/index',NULL,1,0,'C','0','0','demo:classes:list','edit','admin','2023-07-06 02:01:22','',NULL,'主子菜单'),(2001,'主子查询',2000,1,'#','',NULL,1,0,'F','0','0','demo:classes:query','#','admin','2023-07-06 02:01:22','',NULL,''),(2002,'主子新增',2000,2,'#','',NULL,1,0,'F','0','0','demo:classes:add','#','admin','2023-07-06 02:01:22','',NULL,''),(2003,'主子修改',2000,3,'#','',NULL,1,0,'F','0','0','demo:classes:edit','#','admin','2023-07-06 02:01:22','',NULL,''),(2004,'主子删除',2000,4,'#','',NULL,1,0,'F','0','0','demo:classes:remove','#','admin','2023-07-06 02:01:22','',NULL,''),(2005,'主子导出',2000,5,'#','',NULL,1,0,'F','0','0','demo:classes:export','#','admin','2023-07-06 02:01:22','',NULL,''),(2006,'树',4,1,'school','demo/school/index',NULL,1,0,'C','0','0','demo:school:list','edit','admin','2023-07-06 02:01:22','',NULL,'树菜单'),(2007,'树查询',2006,1,'#','',NULL,1,0,'F','0','0','demo:school:query','#','admin','2023-07-06 02:01:22','',NULL,''),(2008,'树新增',2006,2,'#','',NULL,1,0,'F','0','0','demo:school:add','#','admin','2023-07-06 02:01:22','',NULL,''),(2009,'树修改',2006,3,'#','',NULL,1,0,'F','0','0','demo:school:edit','#','admin','2023-07-06 02:01:22','',NULL,''),(2010,'树删除',2006,4,'#','',NULL,1,0,'F','0','0','demo:school:remove','#','admin','2023-07-06 02:01:22','',NULL,''),(2011,'树导出',2006,5,'#','',NULL,1,0,'F','0','0','demo:school:export','#','admin','2023-07-06 02:01:22','',NULL,''),(2012,'单',4,1,'student','demo/student/index',NULL,1,0,'C','0','0','demo:student:list','edit','admin','2023-07-06 02:01:22','',NULL,'单菜单'),(2013,'单查询',2012,1,'#','',NULL,1,0,'F','0','0','demo:student:query','#','admin','2023-07-06 02:01:22','',NULL,''),(2014,'单新增',2012,2,'#','',NULL,1,0,'F','0','0','demo:student:add','#','admin','2023-07-06 02:01:22','',NULL,''),(2015,'单修改',2012,3,'#','',NULL,1,0,'F','0','0','demo:student:edit','#','admin','2023-07-06 02:01:22','',NULL,''),(2016,'单删除',2012,4,'#','',NULL,1,0,'F','0','0','demo:student:remove','#','admin','2023-07-06 02:01:22','',NULL,''),(2017,'单导出',2012,5,'#','',NULL,1,0,'F','0','0','demo:student:export','#','admin','2023-07-06 02:01:22','',NULL,''),(2018,'米米星',0,5,'mimistar',NULL,NULL,1,0,'M','0','0','','rate','admin','2023-07-24 16:18:30','admin','2023-07-24 16:18:42',''),(2019,'系统设置',2018,1,'settings','mimi/settings/index',NULL,1,0,'C','0','0','mimi:settings:list','system','admin','2023-07-24 16:38:59','admin','2023-07-24 17:29:55','系统设置菜单'),(2020,'系统设置查询',2019,1,'#','',NULL,1,0,'F','0','0','mimi:settings:query','#','admin','2023-07-24 16:38:59','',NULL,''),(2021,'系统设置新增',2019,2,'#','',NULL,1,0,'F','0','0','mimi:settings:add','#','admin','2023-07-24 16:38:59','',NULL,''),(2022,'系统设置修改',2019,3,'#','',NULL,1,0,'F','0','0','mimi:settings:edit','#','admin','2023-07-24 16:38:59','',NULL,''),(2023,'系统设置删除',2019,4,'#','',NULL,1,0,'F','0','0','mimi:settings:remove','#','admin','2023-07-24 16:38:59','',NULL,''),(2024,'系统设置导出',2019,5,'#','',NULL,1,0,'F','0','0','mimi:settings:export','#','admin','2023-07-24 16:38:59','',NULL,''),(2025,'留言',2018,1,'message','mimi/message/index',NULL,1,0,'C','0','0','mimi:message:list','message','admin','2023-07-24 16:39:20','admin','2023-07-24 17:29:29','留言菜单'),(2026,'留言查询',2025,1,'#','',NULL,1,0,'F','0','0','mimi:message:query','#','admin','2023-07-24 16:39:20','',NULL,''),(2027,'留言新增',2025,2,'#','',NULL,1,0,'F','0','0','mimi:message:add','#','admin','2023-07-24 16:39:20','',NULL,''),(2028,'留言修改',2025,3,'#','',NULL,1,0,'F','0','0','mimi:message:edit','#','admin','2023-07-24 16:39:20','',NULL,''),(2029,'留言删除',2025,4,'#','',NULL,1,0,'F','0','0','mimi:message:remove','#','admin','2023-07-24 16:39:20','',NULL,''),(2030,'留言导出',2025,5,'#','',NULL,1,0,'F','0','0','mimi:message:export','#','admin','2023-07-24 16:39:20','',NULL,''),(2031,'链接',2018,1,'link','mimi/link/index',NULL,1,0,'C','0','0','mimi:link:list','link','admin','2023-07-24 16:39:26','admin','2023-07-24 17:29:06','米米星链接菜单'),(2032,'米米星链接查询',2031,1,'#','',NULL,1,0,'F','0','0','mimi:link:query','#','admin','2023-07-24 16:39:26','',NULL,''),(2033,'米米星链接新增',2031,2,'#','',NULL,1,0,'F','0','0','mimi:link:add','#','admin','2023-07-24 16:39:26','',NULL,''),(2034,'米米星链接修改',2031,3,'#','',NULL,1,0,'F','0','0','mimi:link:edit','#','admin','2023-07-24 16:39:26','',NULL,''),(2035,'米米星链接删除',2031,4,'#','',NULL,1,0,'F','0','0','mimi:link:remove','#','admin','2023-07-24 16:39:26','',NULL,''),(2036,'米米星链接导出',2031,5,'#','',NULL,1,0,'F','0','0','mimi:link:export','#','admin','2023-07-24 16:39:26','',NULL,''),(2037,'系统信息',2018,1,'information','mimi/information/index',NULL,1,0,'C','0','0','mimi:information:list','message','admin','2023-07-24 16:39:30','admin','2023-07-24 17:29:45','米米星系统信息菜单'),(2038,'米米星系统信息查询',2037,1,'#','',NULL,1,0,'F','0','0','mimi:information:query','#','admin','2023-07-24 16:39:30','',NULL,''),(2039,'米米星系统信息新增',2037,2,'#','',NULL,1,0,'F','0','0','mimi:information:add','#','admin','2023-07-24 16:39:30','',NULL,''),(2040,'米米星系统信息修改',2037,3,'#','',NULL,1,0,'F','0','0','mimi:information:edit','#','admin','2023-07-24 16:39:30','',NULL,''),(2041,'米米星系统信息删除',2037,4,'#','',NULL,1,0,'F','0','0','mimi:information:remove','#','admin','2023-07-24 16:39:30','',NULL,''),(2042,'米米星系统信息导出',2037,5,'#','',NULL,1,0,'F','0','0','mimi:information:export','#','admin','2023-07-24 16:39:30','',NULL,''),(2043,'导航分类',2018,1,'category','mimi/category/index',NULL,1,0,'C','0','0','mimi:category:list','edit','admin','2023-07-24 16:39:34','',NULL,'导航分类菜单'),(2044,'导航分类查询',2043,1,'#','',NULL,1,0,'F','0','0','mimi:category:query','#','admin','2023-07-24 16:39:34','',NULL,''),(2045,'导航分类新增',2043,2,'#','',NULL,1,0,'F','0','0','mimi:category:add','#','admin','2023-07-24 16:39:34','',NULL,''),(2046,'导航分类修改',2043,3,'#','',NULL,1,0,'F','0','0','mimi:category:edit','#','admin','2023-07-24 16:39:34','',NULL,''),(2047,'导航分类删除',2043,4,'#','',NULL,1,0,'F','0','0','mimi:category:remove','#','admin','2023-07-24 16:39:34','',NULL,''),(2048,'导航分类导出',2043,5,'#','',NULL,1,0,'F','0','0','mimi:category:export','#','admin','2023-07-24 16:39:34','',NULL,'');

/*Table structure for table `sys_notice` */

DROP TABLE IF EXISTS `sys_notice`;

CREATE TABLE `sys_notice` (
  `notice_id` int NOT NULL AUTO_INCREMENT COMMENT '公告ID',
  `notice_title` varchar(50) CHARACTER SET utf8mb4 COLLATE utf8mb4_general_ci NOT NULL COMMENT '公告标题',
  `notice_type` char(1) CHARACTER SET utf8mb4 COLLATE utf8mb4_general_ci NOT NULL COMMENT '公告类型（1通知 2公告）',
  `notice_content` longblob COMMENT '公告内容',
  `status` char(1) CHARACTER SET utf8mb4 COLLATE utf8mb4_general_ci DEFAULT '0' COMMENT '公告状态（0正常 1关闭）',
  `create_by` varchar(64) CHARACTER SET utf8mb4 COLLATE utf8mb4_general_ci DEFAULT '' COMMENT '创建者',
  `create_time` datetime DEFAULT NULL COMMENT '创建时间',
  `update_by` varchar(64) CHARACTER SET utf8mb4 COLLATE utf8mb4_general_ci DEFAULT '' COMMENT '更新者',
  `update_time` datetime DEFAULT NULL COMMENT '更新时间',
  `remark` varchar(255) CHARACTER SET utf8mb4 COLLATE utf8mb4_general_ci DEFAULT NULL COMMENT '备注',
  PRIMARY KEY (`notice_id`)
) ENGINE=InnoDB AUTO_INCREMENT=10 DEFAULT CHARSET=utf8mb4 COLLATE=utf8mb4_general_ci COMMENT='通知公告表';

/*Data for the table `sys_notice` */

insert  into `sys_notice`(`notice_id`,`notice_title`,`notice_type`,`notice_content`,`status`,`create_by`,`create_time`,`update_by`,`update_time`,`remark`) values (1,'温馨提醒：2018-07-01 若依新版本发布啦','2','新版本内容','0','admin','2023-07-05 22:03:57','',NULL,'管理员'),(2,'维护通知：2018-07-01 若依系统凌晨维护','1','维护内容','0','admin','2023-07-05 22:03:57','',NULL,'管理员');

/*Table structure for table `sys_oper_log` */

DROP TABLE IF EXISTS `sys_oper_log`;

CREATE TABLE `sys_oper_log` (
  `oper_id` bigint NOT NULL AUTO_INCREMENT COMMENT '日志主键',
  `title` varchar(50) CHARACTER SET utf8mb4 COLLATE utf8mb4_general_ci DEFAULT '' COMMENT '模块标题',
  `business_type` int DEFAULT '0' COMMENT '业务类型（0其它 1新增 2修改 3删除）',
  `method` varchar(100) CHARACTER SET utf8mb4 COLLATE utf8mb4_general_ci DEFAULT '' COMMENT '方法名称',
  `request_method` varchar(10) CHARACTER SET utf8mb4 COLLATE utf8mb4_general_ci DEFAULT '' COMMENT '请求方式',
  `operator_type` int DEFAULT '0' COMMENT '操作类别（0其它 1后台用户 2手机端用户）',
  `oper_name` varchar(50) CHARACTER SET utf8mb4 COLLATE utf8mb4_general_ci DEFAULT '' COMMENT '操作人员',
  `dept_name` varchar(50) CHARACTER SET utf8mb4 COLLATE utf8mb4_general_ci DEFAULT '' COMMENT '部门名称',
  `oper_url` varchar(255) CHARACTER SET utf8mb4 COLLATE utf8mb4_general_ci DEFAULT '' COMMENT '请求URL',
  `oper_ip` varchar(128) CHARACTER SET utf8mb4 COLLATE utf8mb4_general_ci DEFAULT '' COMMENT '主机地址',
  `oper_location` varchar(255) CHARACTER SET utf8mb4 COLLATE utf8mb4_general_ci DEFAULT '' COMMENT '操作地点',
  `oper_param` varchar(2000) CHARACTER SET utf8mb4 COLLATE utf8mb4_general_ci DEFAULT '' COMMENT '请求参数',
  `json_result` varchar(2000) CHARACTER SET utf8mb4 COLLATE utf8mb4_general_ci DEFAULT '' COMMENT '返回参数',
  `status` int DEFAULT '0' COMMENT '操作状态（0正常 1异常）',
  `error_msg` varchar(2000) CHARACTER SET utf8mb4 COLLATE utf8mb4_general_ci DEFAULT '' COMMENT '错误消息',
  `oper_time` datetime DEFAULT NULL COMMENT '操作时间',
  `cost_time` bigint DEFAULT '0' COMMENT '消耗时间',
  PRIMARY KEY (`oper_id`),
  KEY `idx_sys_oper_log_bt` (`business_type`),
  KEY `idx_sys_oper_log_s` (`status`),
  KEY `idx_sys_oper_log_ot` (`oper_time`)
) ENGINE=InnoDB AUTO_INCREMENT=190 DEFAULT CHARSET=utf8mb4 COLLATE=utf8mb4_general_ci COMMENT='操作日志记录';

/*Data for the table `sys_oper_log` */

insert  into `sys_oper_log`(`oper_id`,`title`,`business_type`,`method`,`request_method`,`operator_type`,`oper_name`,`dept_name`,`oper_url`,`oper_ip`,`oper_location`,`oper_param`,`json_result`,`status`,`error_msg`,`oper_time`,`cost_time`) values (100,'代码生成',6,'com.ruoyi.generator.controller.GenController.importTableSave()','POST',1,'admin',NULL,'/tool/gen/importTable','127.0.0.1','内网IP','\"demo_school,demo_classes,demo_student\"','{\"msg\":\"操作成功\",\"code\":200}',0,NULL,'2023-07-06 01:58:56',123),(101,'代码生成',2,'com.ruoyi.generator.controller.GenController.editSave()','PUT',1,'admin',NULL,'/tool/gen','127.0.0.1','内网IP','{\"businessName\":\"classes\",\"className\":\"DemoClasses\",\"codeType\":\"1\",\"columns\":[{\"capJavaField\":\"ClassesId\",\"columnComment\":\"编号\",\"columnId\":1,\"columnName\":\"classes_id\",\"columnType\":\"int\",\"createBy\":\"admin\",\"createTime\":\"2023-07-06 01:58:56\",\"dictType\":\"\",\"edit\":false,\"htmlType\":\"input\",\"increment\":true,\"insert\":true,\"isIncrement\":\"1\",\"isInsert\":\"1\",\"isPk\":\"1\",\"javaField\":\"classesId\",\"javaType\":\"Long\",\"list\":false,\"params\":{},\"pk\":true,\"query\":false,\"queryType\":\"EQ\",\"required\":false,\"sort\":1,\"superColumn\":false,\"tableId\":1,\"updateBy\":\"\",\"usableColumn\":false},{\"capJavaField\":\"ClassesName\",\"columnComment\":\"班级名称\",\"columnId\":2,\"columnName\":\"classes_name\",\"columnType\":\"varchar(30)\",\"createBy\":\"admin\",\"createTime\":\"2023-07-06 01:58:56\",\"dictType\":\"\",\"edit\":true,\"htmlType\":\"input\",\"increment\":false,\"insert\":true,\"isEdit\":\"1\",\"isIncrement\":\"0\",\"isInsert\":\"1\",\"isList\":\"1\",\"isPk\":\"0\",\"isQuery\":\"1\",\"javaField\":\"classesName\",\"javaType\":\"String\",\"list\":true,\"params\":{},\"pk\":false,\"query\":true,\"queryType\":\"LIKE\",\"required\":false,\"sort\":2,\"superColumn\":false,\"tableId\":1,\"updateBy\":\"\",\"usableColumn\":false},{\"capJavaField\":\"ClassesGrade\",\"columnComment\":\"班级年级\",\"columnId\":3,\"columnName\":\"classes_grade\",\"columnType\":\"int\",\"createBy\":\"admin\",\"createTime\":\"2023-07-06 01:58:56\",\"dictType\":\"\",\"edit\":true,\"htmlType\":\"input\",\"increment\":false,\"insert\":true,\"isEdit\":\"1\",\"isIncrement\":\"0\",\"isInsert\":\"1\",\"isList\":\"1\",\"isPk\":\"0\",\"isQuery\":\"1\",\"javaField\":\"classesGrade\",\"javaType\":\"Long\",\"list\":true,\"params\":{},\"pk\":false,\"query\":true,\"queryType\":\"EQ\",\"required\":false,\"sort\":3,\"superColumn\":false,\"tableId\":1,\"updateBy\":\"\",\"usableColumn\":false},{\"capJavaField\":\"ClassesTeacher\",\"columnComment\":\"班主任\",\"columnId\":4,\"columnName\":\"classes_teacher\",\"columnType\":\"varchar(30)\",\"createBy\":\"admin\",\"createTime\":\"2023-07-06 01:58:56\",\"dictType\":\"\",\"edit\":true,\"htmlType\":\"input\",\"increment\":false,\"insert\":true,\"isEdit\":\"1\",\"isIncrement\":\"0\",\"isInsert\":\"1\",\"isList\":\"1\",\"isPk\":\"0\",\"isQuery\":\"1\",\"javaField\":\"classes','{\"msg\":\"操作成功\",\"code\":200}',0,NULL,'2023-07-06 01:59:35',61),(102,'代码生成',2,'com.ruoyi.generator.controller.GenController.editSave()','PUT',1,'admin',NULL,'/tool/gen','127.0.0.1','内网IP','{\"businessName\":\"school\",\"className\":\"DemoSchool\",\"codeType\":\"1\",\"columns\":[{\"capJavaField\":\"SchoolId\",\"columnComment\":\"编号\",\"columnId\":12,\"columnName\":\"school_id\",\"columnType\":\"int\",\"createBy\":\"admin\",\"createTime\":\"2023-07-06 01:58:56\",\"dictType\":\"\",\"edit\":false,\"htmlType\":\"input\",\"increment\":true,\"insert\":true,\"isIncrement\":\"1\",\"isInsert\":\"1\",\"isPk\":\"1\",\"javaField\":\"schoolId\",\"javaType\":\"Long\",\"list\":false,\"params\":{},\"pk\":true,\"query\":false,\"queryType\":\"EQ\",\"required\":false,\"sort\":1,\"superColumn\":false,\"tableId\":2,\"updateBy\":\"\",\"usableColumn\":false},{\"capJavaField\":\"ParentId\",\"columnComment\":\"父编号id\",\"columnId\":13,\"columnName\":\"parent_id\",\"columnType\":\"bigint\",\"createBy\":\"admin\",\"createTime\":\"2023-07-06 01:58:56\",\"dictType\":\"\",\"edit\":true,\"htmlType\":\"input\",\"increment\":false,\"insert\":true,\"isEdit\":\"1\",\"isIncrement\":\"0\",\"isInsert\":\"1\",\"isList\":\"1\",\"isPk\":\"0\",\"isQuery\":\"1\",\"javaField\":\"parentId\",\"javaType\":\"Long\",\"list\":true,\"params\":{},\"pk\":false,\"query\":true,\"queryType\":\"EQ\",\"required\":false,\"sort\":2,\"superColumn\":true,\"tableId\":2,\"updateBy\":\"\",\"usableColumn\":true},{\"capJavaField\":\"Ancestors\",\"columnComment\":\"祖级列表\",\"columnId\":14,\"columnName\":\"ancestors\",\"columnType\":\"varchar(50)\",\"createBy\":\"admin\",\"createTime\":\"2023-07-06 01:58:56\",\"dictType\":\"\",\"edit\":true,\"htmlType\":\"input\",\"increment\":false,\"insert\":true,\"isEdit\":\"1\",\"isIncrement\":\"0\",\"isInsert\":\"1\",\"isList\":\"1\",\"isPk\":\"0\",\"isQuery\":\"1\",\"javaField\":\"ancestors\",\"javaType\":\"String\",\"list\":true,\"params\":{},\"pk\":false,\"query\":true,\"queryType\":\"EQ\",\"required\":false,\"sort\":3,\"superColumn\":true,\"tableId\":2,\"updateBy\":\"\",\"usableColumn\":false},{\"capJavaField\":\"OrderNum\",\"columnComment\":\"显示顺序\",\"columnId\":15,\"columnName\":\"order_num\",\"columnType\":\"int\",\"createBy\":\"admin\",\"createTime\":\"2023-07-06 01:58:56\",\"dictType\":\"\",\"edit\":true,\"htmlType\":\"input\",\"increment\":false,\"insert\":true,\"isEdit\":\"1\",\"isIncrement\":\"0\",\"isInsert\":\"1\",\"isList\":\"1\",\"isPk\":\"0\",\"isQuery\":\"1\",\"javaField\":\"orderNum\",\"javaType\":\"Long\",\"list\":true,\"params','{\"msg\":\"操作成功\",\"code\":200}',0,NULL,'2023-07-06 01:59:49',40),(103,'代码生成',2,'com.ruoyi.generator.controller.GenController.editSave()','PUT',1,'admin',NULL,'/tool/gen','127.0.0.1','内网IP','{\"businessName\":\"student\",\"className\":\"DemoStudent\",\"codeType\":\"1\",\"columns\":[{\"capJavaField\":\"StudentId\",\"columnComment\":\"编号\",\"columnId\":24,\"columnName\":\"student_id\",\"columnType\":\"int\",\"createBy\":\"admin\",\"createTime\":\"2023-07-06 01:58:56\",\"dictType\":\"\",\"edit\":false,\"htmlType\":\"input\",\"increment\":true,\"insert\":true,\"isIncrement\":\"1\",\"isInsert\":\"1\",\"isPk\":\"1\",\"javaField\":\"studentId\",\"javaType\":\"Long\",\"list\":false,\"params\":{},\"pk\":true,\"query\":false,\"queryType\":\"EQ\",\"required\":false,\"sort\":1,\"superColumn\":false,\"tableId\":3,\"updateBy\":\"\",\"usableColumn\":false},{\"capJavaField\":\"ClassesId\",\"columnComment\":\"所属班级ID\",\"columnId\":25,\"columnName\":\"classes_id\",\"columnType\":\"int\",\"createBy\":\"admin\",\"createTime\":\"2023-07-06 01:58:56\",\"dictType\":\"\",\"edit\":true,\"htmlType\":\"input\",\"increment\":false,\"insert\":true,\"isEdit\":\"1\",\"isIncrement\":\"0\",\"isInsert\":\"1\",\"isList\":\"1\",\"isPk\":\"0\",\"isQuery\":\"1\",\"javaField\":\"classesId\",\"javaType\":\"Long\",\"list\":true,\"params\":{},\"pk\":false,\"query\":true,\"queryType\":\"EQ\",\"required\":false,\"sort\":2,\"superColumn\":false,\"tableId\":3,\"updateBy\":\"\",\"usableColumn\":false},{\"capJavaField\":\"StudentName\",\"columnComment\":\"学生名称\",\"columnId\":26,\"columnName\":\"student_name\",\"columnType\":\"varchar(30)\",\"createBy\":\"admin\",\"createTime\":\"2023-07-06 01:58:56\",\"dictType\":\"\",\"edit\":true,\"htmlType\":\"input\",\"increment\":false,\"insert\":true,\"isEdit\":\"1\",\"isIncrement\":\"0\",\"isInsert\":\"1\",\"isList\":\"1\",\"isPk\":\"0\",\"isQuery\":\"1\",\"javaField\":\"studentName\",\"javaType\":\"String\",\"list\":true,\"params\":{},\"pk\":false,\"query\":true,\"queryType\":\"LIKE\",\"required\":false,\"sort\":3,\"superColumn\":false,\"tableId\":3,\"updateBy\":\"\",\"usableColumn\":false},{\"capJavaField\":\"StudentAge\",\"columnComment\":\"年龄\",\"columnId\":27,\"columnName\":\"student_age\",\"columnType\":\"int\",\"createBy\":\"admin\",\"createTime\":\"2023-07-06 01:58:56\",\"dictType\":\"\",\"edit\":true,\"htmlType\":\"input\",\"increment\":false,\"insert\":true,\"isEdit\":\"1\",\"isIncrement\":\"0\",\"isInsert\":\"1\",\"isList\":\"1\",\"isPk\":\"0\",\"isQuery\":\"1\",\"javaField\":\"studentAge\",\"javaType\":\"Lon','{\"msg\":\"操作成功\",\"code\":200}',0,NULL,'2023-07-06 02:00:06',37),(104,'代码生成',8,'com.ruoyi.generator.controller.GenController.batchGenCode()','GET',1,'admin',NULL,'/tool/gen/batchGenCode','127.0.0.1','内网IP','{\"tables\":\"demo_classes,demo_school,demo_student\"}',NULL,0,NULL,'2023-07-06 02:00:10',172),(105,'主子',1,'com.ruoyi.demo.controller.DemoClassesController.add()','POST',1,'admin',NULL,'/demo/classes','127.0.0.1','内网IP','{\"classesGrade\":2,\"classesId\":1,\"classesName\":\"测试一班\",\"classesTeacher\":\"小米\",\"createBy\":\"admin\",\"createTime\":\"2023-07-06 02:09:08\",\"delFlag\":1,\"params\":{},\"remark\":\"测试测试\",\"updateBy\":\"admin\",\"updateTime\":\"2023-07-06 02:09:08\"}','{\"msg\":\"操作成功\",\"code\":200}',0,NULL,'2023-07-06 02:09:08',35),(106,'主子',2,'com.ruoyi.demo.controller.DemoClassesController.edit()','PUT',1,'admin',NULL,'/demo/classes','127.0.0.1','内网IP','{\"classesGrade\":2,\"classesId\":1,\"classesName\":\"测试一班\",\"classesTeacher\":\"小米\",\"createBy\":\"admin\",\"createTime\":\"2023-07-06 02:09:09\",\"delFlag\":0,\"params\":{},\"remark\":\"测试测试\",\"status\":\"0\",\"updateBy\":\"admin\",\"updateTime\":\"2023-07-06 02:09:09\"}','{\"msg\":\"操作成功\",\"code\":200}',0,NULL,'2023-07-06 02:10:04',26),(107,'主子',2,'com.ruoyi.demo.controller.DemoClassesController.edit()','PUT',1,'admin',NULL,'/demo/classes','127.0.0.1','内网IP','{\"classesGrade\":2,\"classesId\":1,\"classesName\":\"测试一班\",\"classesTeacher\":\"小米\",\"createBy\":\"admin\",\"createTime\":\"2023-07-06 02:09:09\",\"delFlag\":0,\"params\":{},\"remark\":\"测试测试\",\"status\":\"0\",\"updateBy\":\"admin\",\"updateTime\":\"2023-07-06 02:09:09\"}','{\"msg\":\"操作成功\",\"code\":200}',0,NULL,'2023-07-06 02:10:07',4),(108,'主子',3,'com.ruoyi.demo.controller.DemoClassesController.remove()','DELETE',1,'admin',NULL,'/demo/classes/1','127.0.0.1','内网IP','{}','{\"msg\":\"操作成功\",\"code\":200}',0,NULL,'2023-07-06 02:10:24',39),(109,'主子',1,'com.ruoyi.demo.controller.DemoClassesController.add()','POST',1,'admin',NULL,'/demo/classes','127.0.0.1','内网IP','{\"classesGrade\":1,\"classesId\":2,\"classesName\":\"小米1班\",\"classesTeacher\":\"micah\",\"createBy\":\"admin\",\"createTime\":\"2023-07-23 23:06:01\",\"delFlag\":0,\"params\":{},\"remark\":\"测试\",\"updateBy\":\"admin\",\"updateTime\":\"2023-07-23 23:06:01\"}','{\"msg\":\"操作成功\",\"code\":200}',0,NULL,'2023-07-23 23:06:01',23),(110,'主子',3,'com.ruoyi.demo.controller.DemoClassesController.remove()','DELETE',1,'admin',NULL,'/demo/classes/2','127.0.0.1','内网IP','{}','{\"msg\":\"操作成功\",\"code\":200}',0,NULL,'2023-07-23 23:07:01',33),(111,'代码生成',2,'com.ruoyi.generator.controller.GenController.editSave()','PUT',1,'admin',NULL,'/tool/gen','127.0.0.1','内网IP','{\"businessName\":\"classes\",\"className\":\"DemoClasses\",\"codeType\":\"1\",\"columns\":[{\"capJavaField\":\"ClassesId\",\"columnComment\":\"编号\",\"columnId\":1,\"columnName\":\"classes_id\",\"columnType\":\"int\",\"createBy\":\"admin\",\"createTime\":\"2023-07-06 01:58:56\",\"dictType\":\"\",\"edit\":false,\"htmlType\":\"input\",\"increment\":true,\"insert\":true,\"isIncrement\":\"1\",\"isInsert\":\"1\",\"isPk\":\"1\",\"javaField\":\"classesId\",\"javaType\":\"Long\",\"list\":false,\"params\":{},\"pk\":true,\"query\":false,\"queryType\":\"EQ\",\"required\":false,\"sort\":1,\"superColumn\":false,\"tableId\":1,\"updateBy\":\"\",\"updateTime\":\"2023-07-06 01:59:35\",\"usableColumn\":false},{\"capJavaField\":\"ClassesName\",\"columnComment\":\"班级名称\",\"columnId\":2,\"columnName\":\"classes_name\",\"columnType\":\"varchar(30)\",\"createBy\":\"admin\",\"createTime\":\"2023-07-06 01:58:56\",\"dictType\":\"\",\"edit\":true,\"htmlType\":\"input\",\"increment\":false,\"insert\":true,\"isEdit\":\"1\",\"isIncrement\":\"0\",\"isInsert\":\"1\",\"isList\":\"1\",\"isPk\":\"0\",\"isQuery\":\"1\",\"javaField\":\"classesName\",\"javaType\":\"String\",\"list\":true,\"params\":{},\"pk\":false,\"query\":true,\"queryType\":\"LIKE\",\"required\":false,\"sort\":2,\"superColumn\":false,\"tableId\":1,\"updateBy\":\"\",\"updateTime\":\"2023-07-06 01:59:35\",\"usableColumn\":false},{\"capJavaField\":\"ClassesGrade\",\"columnComment\":\"班级年级\",\"columnId\":3,\"columnName\":\"classes_grade\",\"columnType\":\"int\",\"createBy\":\"admin\",\"createTime\":\"2023-07-06 01:58:56\",\"dictType\":\"\",\"edit\":true,\"htmlType\":\"input\",\"increment\":false,\"insert\":true,\"isEdit\":\"1\",\"isIncrement\":\"0\",\"isInsert\":\"1\",\"isList\":\"1\",\"isPk\":\"0\",\"isQuery\":\"1\",\"javaField\":\"classesGrade\",\"javaType\":\"Long\",\"list\":true,\"params\":{},\"pk\":false,\"query\":true,\"queryType\":\"EQ\",\"required\":false,\"sort\":3,\"superColumn\":false,\"tableId\":1,\"updateBy\":\"\",\"updateTime\":\"2023-07-06 01:59:35\",\"usableColumn\":false},{\"capJavaField\":\"ClassesTeacher\",\"columnComment\":\"班主任\",\"columnId\":4,\"columnName\":\"classes_teacher\",\"columnType\":\"varchar(30)\",\"createBy\":\"admin\",\"createTime\":\"2023-07-06 01:58:56\",\"dictType\":\"\",\"edit\":true,\"htmlType\":\"input\",\"increment\":false,\"insert\":true','{\"msg\":\"操作成功\",\"code\":200}',0,NULL,'2023-07-23 23:08:31',50),(112,'代码生成',2,'com.ruoyi.generator.controller.GenController.editSave()','PUT',1,'admin',NULL,'/tool/gen','127.0.0.1','内网IP','{\"businessName\":\"school\",\"className\":\"DemoSchool\",\"codeType\":\"1\",\"columns\":[{\"capJavaField\":\"SchoolId\",\"columnComment\":\"编号\",\"columnId\":12,\"columnName\":\"school_id\",\"columnType\":\"int\",\"createBy\":\"admin\",\"createTime\":\"2023-07-06 01:58:56\",\"dictType\":\"\",\"edit\":false,\"htmlType\":\"input\",\"increment\":true,\"insert\":true,\"isIncrement\":\"1\",\"isInsert\":\"1\",\"isPk\":\"1\",\"javaField\":\"schoolId\",\"javaType\":\"Long\",\"list\":false,\"params\":{},\"pk\":true,\"query\":false,\"queryType\":\"EQ\",\"required\":false,\"sort\":1,\"superColumn\":false,\"tableId\":2,\"updateBy\":\"\",\"updateTime\":\"2023-07-06 01:59:49\",\"usableColumn\":false},{\"capJavaField\":\"ParentId\",\"columnComment\":\"父编号id\",\"columnId\":13,\"columnName\":\"parent_id\",\"columnType\":\"bigint\",\"createBy\":\"admin\",\"createTime\":\"2023-07-06 01:58:56\",\"dictType\":\"\",\"edit\":true,\"htmlType\":\"input\",\"increment\":false,\"insert\":true,\"isEdit\":\"1\",\"isIncrement\":\"0\",\"isInsert\":\"1\",\"isList\":\"1\",\"isPk\":\"0\",\"isQuery\":\"1\",\"javaField\":\"parentId\",\"javaType\":\"Long\",\"list\":true,\"params\":{},\"pk\":false,\"query\":true,\"queryType\":\"EQ\",\"required\":false,\"sort\":2,\"superColumn\":true,\"tableId\":2,\"updateBy\":\"\",\"updateTime\":\"2023-07-06 01:59:49\",\"usableColumn\":true},{\"capJavaField\":\"Ancestors\",\"columnComment\":\"祖级列表\",\"columnId\":14,\"columnName\":\"ancestors\",\"columnType\":\"varchar(50)\",\"createBy\":\"admin\",\"createTime\":\"2023-07-06 01:58:56\",\"dictType\":\"\",\"edit\":true,\"htmlType\":\"input\",\"increment\":false,\"insert\":true,\"isEdit\":\"1\",\"isIncrement\":\"0\",\"isInsert\":\"1\",\"isList\":\"1\",\"isPk\":\"0\",\"isQuery\":\"1\",\"javaField\":\"ancestors\",\"javaType\":\"String\",\"list\":true,\"params\":{},\"pk\":false,\"query\":true,\"queryType\":\"EQ\",\"required\":false,\"sort\":3,\"superColumn\":true,\"tableId\":2,\"updateBy\":\"\",\"updateTime\":\"2023-07-06 01:59:49\",\"usableColumn\":false},{\"capJavaField\":\"OrderNum\",\"columnComment\":\"显示顺序\",\"columnId\":15,\"columnName\":\"order_num\",\"columnType\":\"int\",\"createBy\":\"admin\",\"createTime\":\"2023-07-06 01:58:56\",\"dictType\":\"\",\"edit\":true,\"htmlType\":\"input\",\"increment\":false,\"insert\":true,\"isEdit\":\"1\",\"isIncrement\":\"0\",\"isInser','{\"msg\":\"操作成功\",\"code\":200}',0,NULL,'2023-07-23 23:08:47',49),(113,'代码生成',2,'com.ruoyi.generator.controller.GenController.editSave()','PUT',1,'admin',NULL,'/tool/gen','127.0.0.1','内网IP','{\"businessName\":\"student\",\"className\":\"DemoStudent\",\"codeType\":\"1\",\"columns\":[{\"capJavaField\":\"StudentId\",\"columnComment\":\"编号\",\"columnId\":24,\"columnName\":\"student_id\",\"columnType\":\"int\",\"createBy\":\"admin\",\"createTime\":\"2023-07-06 01:58:56\",\"dictType\":\"\",\"edit\":false,\"htmlType\":\"input\",\"increment\":true,\"insert\":true,\"isIncrement\":\"1\",\"isInsert\":\"1\",\"isPk\":\"1\",\"javaField\":\"studentId\",\"javaType\":\"Long\",\"list\":false,\"params\":{},\"pk\":true,\"query\":false,\"queryType\":\"EQ\",\"required\":false,\"sort\":1,\"superColumn\":false,\"tableId\":3,\"updateBy\":\"\",\"updateTime\":\"2023-07-06 02:00:06\",\"usableColumn\":false},{\"capJavaField\":\"ClassesId\",\"columnComment\":\"所属班级ID\",\"columnId\":25,\"columnName\":\"classes_id\",\"columnType\":\"int\",\"createBy\":\"admin\",\"createTime\":\"2023-07-06 01:58:56\",\"dictType\":\"\",\"edit\":true,\"htmlType\":\"input\",\"increment\":false,\"insert\":true,\"isEdit\":\"1\",\"isIncrement\":\"0\",\"isInsert\":\"1\",\"isList\":\"1\",\"isPk\":\"0\",\"isQuery\":\"1\",\"javaField\":\"classesId\",\"javaType\":\"Long\",\"list\":true,\"params\":{},\"pk\":false,\"query\":true,\"queryType\":\"EQ\",\"required\":false,\"sort\":2,\"superColumn\":false,\"tableId\":3,\"updateBy\":\"\",\"updateTime\":\"2023-07-06 02:00:06\",\"usableColumn\":false},{\"capJavaField\":\"StudentName\",\"columnComment\":\"学生名称\",\"columnId\":26,\"columnName\":\"student_name\",\"columnType\":\"varchar(30)\",\"createBy\":\"admin\",\"createTime\":\"2023-07-06 01:58:56\",\"dictType\":\"\",\"edit\":true,\"htmlType\":\"input\",\"increment\":false,\"insert\":true,\"isEdit\":\"1\",\"isIncrement\":\"0\",\"isInsert\":\"1\",\"isList\":\"1\",\"isPk\":\"0\",\"isQuery\":\"1\",\"javaField\":\"studentName\",\"javaType\":\"String\",\"list\":true,\"params\":{},\"pk\":false,\"query\":true,\"queryType\":\"LIKE\",\"required\":false,\"sort\":3,\"superColumn\":false,\"tableId\":3,\"updateBy\":\"\",\"updateTime\":\"2023-07-06 02:00:06\",\"usableColumn\":false},{\"capJavaField\":\"StudentAge\",\"columnComment\":\"年龄\",\"columnId\":27,\"columnName\":\"student_age\",\"columnType\":\"int\",\"createBy\":\"admin\",\"createTime\":\"2023-07-06 01:58:56\",\"dictType\":\"\",\"edit\":true,\"htmlType\":\"input\",\"increment\":false,\"insert\":true,\"isEdit\":\"1\",\"isInc','{\"msg\":\"操作成功\",\"code\":200}',0,NULL,'2023-07-23 23:09:53',44),(114,'代码生成',2,'com.ruoyi.generator.controller.GenController.editSave()','PUT',1,'admin',NULL,'/tool/gen','127.0.0.1','内网IP','{\"businessName\":\"school\",\"className\":\"DemoSchool\",\"codeType\":\"1\",\"columns\":[{\"capJavaField\":\"SchoolId\",\"columnComment\":\"编号\",\"columnId\":12,\"columnName\":\"school_id\",\"columnType\":\"int\",\"createBy\":\"admin\",\"createTime\":\"2023-07-06 01:58:56\",\"dictType\":\"\",\"edit\":false,\"htmlType\":\"input\",\"increment\":true,\"insert\":true,\"isIncrement\":\"1\",\"isInsert\":\"1\",\"isPk\":\"1\",\"javaField\":\"schoolId\",\"javaType\":\"Long\",\"list\":false,\"params\":{},\"pk\":true,\"query\":false,\"queryType\":\"EQ\",\"required\":false,\"sort\":1,\"superColumn\":false,\"tableId\":2,\"updateBy\":\"\",\"updateTime\":\"2023-07-23 23:08:47\",\"usableColumn\":false},{\"capJavaField\":\"ParentId\",\"columnComment\":\"父编号id\",\"columnId\":13,\"columnName\":\"parent_id\",\"columnType\":\"bigint\",\"createBy\":\"admin\",\"createTime\":\"2023-07-06 01:58:56\",\"dictType\":\"\",\"edit\":true,\"htmlType\":\"input\",\"increment\":false,\"insert\":true,\"isEdit\":\"1\",\"isIncrement\":\"0\",\"isInsert\":\"1\",\"isList\":\"1\",\"isPk\":\"0\",\"isQuery\":\"1\",\"javaField\":\"parentId\",\"javaType\":\"Long\",\"list\":true,\"params\":{},\"pk\":false,\"query\":true,\"queryType\":\"EQ\",\"required\":false,\"sort\":2,\"superColumn\":true,\"tableId\":2,\"updateBy\":\"\",\"updateTime\":\"2023-07-23 23:08:47\",\"usableColumn\":true},{\"capJavaField\":\"Ancestors\",\"columnComment\":\"祖级列表\",\"columnId\":14,\"columnName\":\"ancestors\",\"columnType\":\"varchar(50)\",\"createBy\":\"admin\",\"createTime\":\"2023-07-06 01:58:56\",\"dictType\":\"\",\"edit\":true,\"htmlType\":\"input\",\"increment\":false,\"insert\":true,\"isEdit\":\"1\",\"isIncrement\":\"0\",\"isInsert\":\"1\",\"isList\":\"1\",\"isPk\":\"0\",\"isQuery\":\"1\",\"javaField\":\"ancestors\",\"javaType\":\"String\",\"list\":true,\"params\":{},\"pk\":false,\"query\":true,\"queryType\":\"EQ\",\"required\":false,\"sort\":3,\"superColumn\":true,\"tableId\":2,\"updateBy\":\"\",\"updateTime\":\"2023-07-23 23:08:47\",\"usableColumn\":false},{\"capJavaField\":\"OrderNum\",\"columnComment\":\"显示顺序\",\"columnId\":15,\"columnName\":\"order_num\",\"columnType\":\"int\",\"createBy\":\"admin\",\"createTime\":\"2023-07-06 01:58:56\",\"dictType\":\"\",\"edit\":true,\"htmlType\":\"input\",\"increment\":false,\"insert\":true,\"isEdit\":\"1\",\"isIncrement\":\"0\",\"isInser',NULL,1,'树编码字段不能为空','2023-07-23 23:15:17',1),(115,'代码生成',2,'com.ruoyi.generator.controller.GenController.editSave()','PUT',1,'admin',NULL,'/tool/gen','127.0.0.1','内网IP','{\"businessName\":\"school\",\"className\":\"DemoSchool\",\"codeType\":\"1\",\"columns\":[{\"capJavaField\":\"SchoolId\",\"columnComment\":\"编号\",\"columnId\":12,\"columnName\":\"school_id\",\"columnType\":\"int\",\"createBy\":\"admin\",\"createTime\":\"2023-07-06 01:58:56\",\"dictType\":\"\",\"edit\":false,\"htmlType\":\"input\",\"increment\":true,\"insert\":true,\"isIncrement\":\"1\",\"isInsert\":\"1\",\"isPk\":\"1\",\"javaField\":\"schoolId\",\"javaType\":\"Long\",\"list\":false,\"params\":{},\"pk\":true,\"query\":false,\"queryType\":\"EQ\",\"required\":false,\"sort\":1,\"superColumn\":false,\"tableId\":2,\"updateBy\":\"\",\"updateTime\":\"2023-07-23 23:08:47\",\"usableColumn\":false},{\"capJavaField\":\"ParentId\",\"columnComment\":\"父编号id\",\"columnId\":13,\"columnName\":\"parent_id\",\"columnType\":\"bigint\",\"createBy\":\"admin\",\"createTime\":\"2023-07-06 01:58:56\",\"dictType\":\"\",\"edit\":true,\"htmlType\":\"input\",\"increment\":false,\"insert\":true,\"isEdit\":\"1\",\"isIncrement\":\"0\",\"isInsert\":\"1\",\"isList\":\"1\",\"isPk\":\"0\",\"isQuery\":\"1\",\"javaField\":\"parentId\",\"javaType\":\"Long\",\"list\":true,\"params\":{},\"pk\":false,\"query\":true,\"queryType\":\"EQ\",\"required\":false,\"sort\":2,\"superColumn\":true,\"tableId\":2,\"updateBy\":\"\",\"updateTime\":\"2023-07-23 23:08:47\",\"usableColumn\":true},{\"capJavaField\":\"Ancestors\",\"columnComment\":\"祖级列表\",\"columnId\":14,\"columnName\":\"ancestors\",\"columnType\":\"varchar(50)\",\"createBy\":\"admin\",\"createTime\":\"2023-07-06 01:58:56\",\"dictType\":\"\",\"edit\":true,\"htmlType\":\"input\",\"increment\":false,\"insert\":true,\"isEdit\":\"1\",\"isIncrement\":\"0\",\"isInsert\":\"1\",\"isList\":\"1\",\"isPk\":\"0\",\"isQuery\":\"1\",\"javaField\":\"ancestors\",\"javaType\":\"String\",\"list\":true,\"params\":{},\"pk\":false,\"query\":true,\"queryType\":\"EQ\",\"required\":false,\"sort\":3,\"superColumn\":true,\"tableId\":2,\"updateBy\":\"\",\"updateTime\":\"2023-07-23 23:08:47\",\"usableColumn\":false},{\"capJavaField\":\"OrderNum\",\"columnComment\":\"显示顺序\",\"columnId\":15,\"columnName\":\"order_num\",\"columnType\":\"int\",\"createBy\":\"admin\",\"createTime\":\"2023-07-06 01:58:56\",\"dictType\":\"\",\"edit\":true,\"htmlType\":\"input\",\"increment\":false,\"insert\":true,\"isEdit\":\"1\",\"isIncrement\":\"0\",\"isInser','{\"msg\":\"操作成功\",\"code\":200}',0,NULL,'2023-07-23 23:15:53',40),(116,'代码生成',2,'com.ruoyi.generator.controller.GenController.editSave()','PUT',1,'admin',NULL,'/tool/gen','127.0.0.1','内网IP','{\"businessName\":\"school\",\"className\":\"DemoSchool\",\"codeType\":\"1\",\"columns\":[{\"capJavaField\":\"SchoolId\",\"columnComment\":\"编号\",\"columnId\":12,\"columnName\":\"school_id\",\"columnType\":\"int\",\"createBy\":\"admin\",\"createTime\":\"2023-07-06 01:58:56\",\"dictType\":\"\",\"edit\":false,\"htmlType\":\"input\",\"increment\":true,\"insert\":true,\"isIncrement\":\"1\",\"isInsert\":\"1\",\"isPk\":\"1\",\"javaField\":\"schoolId\",\"javaType\":\"Long\",\"list\":false,\"params\":{},\"pk\":true,\"query\":false,\"queryType\":\"EQ\",\"required\":false,\"sort\":1,\"superColumn\":false,\"tableId\":2,\"updateBy\":\"\",\"updateTime\":\"2023-07-23 23:15:53\",\"usableColumn\":false},{\"capJavaField\":\"ParentId\",\"columnComment\":\"父编号id\",\"columnId\":13,\"columnName\":\"parent_id\",\"columnType\":\"bigint\",\"createBy\":\"admin\",\"createTime\":\"2023-07-06 01:58:56\",\"dictType\":\"\",\"edit\":true,\"htmlType\":\"input\",\"increment\":false,\"insert\":true,\"isEdit\":\"1\",\"isIncrement\":\"0\",\"isInsert\":\"1\",\"isList\":\"1\",\"isPk\":\"0\",\"isQuery\":\"1\",\"javaField\":\"parentId\",\"javaType\":\"Long\",\"list\":true,\"params\":{},\"pk\":false,\"query\":true,\"queryType\":\"EQ\",\"required\":false,\"sort\":2,\"superColumn\":true,\"tableId\":2,\"updateBy\":\"\",\"updateTime\":\"2023-07-23 23:15:53\",\"usableColumn\":true},{\"capJavaField\":\"Ancestors\",\"columnComment\":\"祖级列表\",\"columnId\":14,\"columnName\":\"ancestors\",\"columnType\":\"varchar(50)\",\"createBy\":\"admin\",\"createTime\":\"2023-07-06 01:58:56\",\"dictType\":\"\",\"edit\":true,\"htmlType\":\"input\",\"increment\":false,\"insert\":true,\"isEdit\":\"1\",\"isIncrement\":\"0\",\"isInsert\":\"1\",\"isList\":\"1\",\"isPk\":\"0\",\"isQuery\":\"1\",\"javaField\":\"ancestors\",\"javaType\":\"String\",\"list\":true,\"params\":{},\"pk\":false,\"query\":true,\"queryType\":\"EQ\",\"required\":false,\"sort\":3,\"superColumn\":true,\"tableId\":2,\"updateBy\":\"\",\"updateTime\":\"2023-07-23 23:15:53\",\"usableColumn\":false},{\"capJavaField\":\"OrderNum\",\"columnComment\":\"显示顺序\",\"columnId\":15,\"columnName\":\"order_num\",\"columnType\":\"int\",\"createBy\":\"admin\",\"createTime\":\"2023-07-06 01:58:56\",\"dictType\":\"\",\"edit\":true,\"htmlType\":\"input\",\"increment\":false,\"insert\":true,\"isEdit\":\"1\",\"isIncrement\":\"0\",\"isInser','{\"msg\":\"操作成功\",\"code\":200}',0,NULL,'2023-07-23 23:17:52',29),(117,'代码生成',2,'com.ruoyi.generator.controller.GenController.editSave()','PUT',1,'admin',NULL,'/tool/gen','127.0.0.1','内网IP','{\"businessName\":\"school\",\"className\":\"DemoSchool\",\"codeType\":\"1\",\"columns\":[{\"capJavaField\":\"SchoolId\",\"columnComment\":\"编号\",\"columnId\":12,\"columnName\":\"school_id\",\"columnType\":\"int\",\"createBy\":\"admin\",\"createTime\":\"2023-07-06 01:58:56\",\"dictType\":\"\",\"edit\":false,\"htmlType\":\"input\",\"increment\":true,\"insert\":true,\"isIncrement\":\"1\",\"isInsert\":\"1\",\"isPk\":\"1\",\"javaField\":\"schoolId\",\"javaType\":\"Long\",\"list\":false,\"params\":{},\"pk\":true,\"query\":false,\"queryType\":\"EQ\",\"required\":false,\"sort\":1,\"superColumn\":false,\"tableId\":2,\"updateBy\":\"\",\"updateTime\":\"2023-07-23 23:17:52\",\"usableColumn\":false},{\"capJavaField\":\"ParentId\",\"columnComment\":\"父编号id\",\"columnId\":13,\"columnName\":\"parent_id\",\"columnType\":\"bigint\",\"createBy\":\"admin\",\"createTime\":\"2023-07-06 01:58:56\",\"dictType\":\"\",\"edit\":true,\"htmlType\":\"input\",\"increment\":false,\"insert\":true,\"isEdit\":\"1\",\"isIncrement\":\"0\",\"isInsert\":\"1\",\"isList\":\"1\",\"isPk\":\"0\",\"isQuery\":\"1\",\"javaField\":\"parentId\",\"javaType\":\"Long\",\"list\":true,\"params\":{},\"pk\":false,\"query\":true,\"queryType\":\"EQ\",\"required\":false,\"sort\":2,\"superColumn\":true,\"tableId\":2,\"updateBy\":\"\",\"updateTime\":\"2023-07-23 23:17:52\",\"usableColumn\":true},{\"capJavaField\":\"Ancestors\",\"columnComment\":\"祖级列表\",\"columnId\":14,\"columnName\":\"ancestors\",\"columnType\":\"varchar(50)\",\"createBy\":\"admin\",\"createTime\":\"2023-07-06 01:58:56\",\"dictType\":\"\",\"edit\":true,\"htmlType\":\"input\",\"increment\":false,\"insert\":true,\"isEdit\":\"1\",\"isIncrement\":\"0\",\"isInsert\":\"1\",\"isList\":\"1\",\"isPk\":\"0\",\"isQuery\":\"1\",\"javaField\":\"ancestors\",\"javaType\":\"String\",\"list\":true,\"params\":{},\"pk\":false,\"query\":true,\"queryType\":\"EQ\",\"required\":false,\"sort\":3,\"superColumn\":true,\"tableId\":2,\"updateBy\":\"\",\"updateTime\":\"2023-07-23 23:17:52\",\"usableColumn\":false},{\"capJavaField\":\"OrderNum\",\"columnComment\":\"显示顺序\",\"columnId\":15,\"columnName\":\"order_num\",\"columnType\":\"int\",\"createBy\":\"admin\",\"createTime\":\"2023-07-06 01:58:56\",\"dictType\":\"\",\"edit\":true,\"htmlType\":\"input\",\"increment\":false,\"insert\":true,\"isEdit\":\"1\",\"isIncrement\":\"0\",\"isInser','{\"msg\":\"操作成功\",\"code\":200}',0,NULL,'2023-07-23 23:18:10',33),(118,'代码生成',8,'com.ruoyi.generator.controller.GenController.genCode()','GET',1,'admin',NULL,'/tool/gen/genCode/demo_school','127.0.0.1','内网IP','{}','{\"msg\":\"操作成功\",\"code\":200}',0,NULL,'2023-07-23 23:18:15',113),(119,'代码生成',2,'com.ruoyi.generator.controller.GenController.editSave()','PUT',1,'admin',NULL,'/tool/gen','127.0.0.1','内网IP','{\"businessName\":\"school\",\"className\":\"DemoSchool\",\"codeType\":\"1\",\"columns\":[{\"capJavaField\":\"SchoolId\",\"columnComment\":\"编号\",\"columnId\":12,\"columnName\":\"school_id\",\"columnType\":\"int\",\"createBy\":\"admin\",\"createTime\":\"2023-07-06 01:58:56\",\"dictType\":\"\",\"edit\":false,\"htmlType\":\"input\",\"increment\":true,\"insert\":true,\"isIncrement\":\"1\",\"isInsert\":\"1\",\"isPk\":\"1\",\"javaField\":\"schoolId\",\"javaType\":\"Long\",\"list\":false,\"params\":{},\"pk\":true,\"query\":false,\"queryType\":\"EQ\",\"required\":false,\"sort\":1,\"superColumn\":false,\"tableId\":2,\"updateBy\":\"\",\"updateTime\":\"2023-07-23 23:18:10\",\"usableColumn\":false},{\"capJavaField\":\"ParentId\",\"columnComment\":\"父编号id\",\"columnId\":13,\"columnName\":\"parent_id\",\"columnType\":\"bigint\",\"createBy\":\"admin\",\"createTime\":\"2023-07-06 01:58:56\",\"dictType\":\"\",\"edit\":true,\"htmlType\":\"input\",\"increment\":false,\"insert\":true,\"isEdit\":\"1\",\"isIncrement\":\"0\",\"isInsert\":\"1\",\"isList\":\"1\",\"isPk\":\"0\",\"isQuery\":\"1\",\"javaField\":\"parentId\",\"javaType\":\"Long\",\"list\":true,\"params\":{},\"pk\":false,\"query\":true,\"queryType\":\"EQ\",\"required\":false,\"sort\":2,\"superColumn\":true,\"tableId\":2,\"updateBy\":\"\",\"updateTime\":\"2023-07-23 23:18:10\",\"usableColumn\":true},{\"capJavaField\":\"Ancestors\",\"columnComment\":\"祖级列表\",\"columnId\":14,\"columnName\":\"ancestors\",\"columnType\":\"varchar(50)\",\"createBy\":\"admin\",\"createTime\":\"2023-07-06 01:58:56\",\"dictType\":\"\",\"edit\":true,\"htmlType\":\"input\",\"increment\":false,\"insert\":true,\"isEdit\":\"1\",\"isIncrement\":\"0\",\"isInsert\":\"1\",\"isList\":\"1\",\"isPk\":\"0\",\"isQuery\":\"1\",\"javaField\":\"ancestors\",\"javaType\":\"String\",\"list\":true,\"params\":{},\"pk\":false,\"query\":true,\"queryType\":\"EQ\",\"required\":false,\"sort\":3,\"superColumn\":true,\"tableId\":2,\"updateBy\":\"\",\"updateTime\":\"2023-07-23 23:18:10\",\"usableColumn\":false},{\"capJavaField\":\"OrderNum\",\"columnComment\":\"显示顺序\",\"columnId\":15,\"columnName\":\"order_num\",\"columnType\":\"int\",\"createBy\":\"admin\",\"createTime\":\"2023-07-06 01:58:56\",\"dictType\":\"\",\"edit\":true,\"htmlType\":\"input\",\"increment\":false,\"insert\":true,\"isEdit\":\"1\",\"isIncrement\":\"0\",\"isInser','{\"msg\":\"操作成功\",\"code\":200}',0,NULL,'2023-07-23 23:19:23',35),(120,'代码生成',8,'com.ruoyi.generator.controller.GenController.batchGenCode()','GET',1,'admin',NULL,'/tool/gen/batchGenCode','127.0.0.1','内网IP','{\"tables\":\"demo_school\"}',NULL,0,NULL,'2023-07-23 23:19:25',29),(121,'树',1,'com.ruoyi.demo.controller.DemoSchoolController.add()','POST',1,'admin',NULL,'/demo/school','127.0.0.1','内网IP','{\"children\":[],\"createBy\":\"admin\",\"createTime\":\"2023-07-23 23:21:24\",\"delFlag\":0,\"orderNum\":1,\"params\":{},\"parentId\":0,\"schoolId\":1,\"schoolName\":\"s1\",\"updateBy\":\"admin\",\"updateTime\":\"2023-07-23 23:21:24\"}','{\"msg\":\"操作成功\",\"code\":200}',0,NULL,'2023-07-23 23:21:24',31),(122,'树',1,'com.ruoyi.demo.controller.DemoSchoolController.add()','POST',1,'admin',NULL,'/demo/school','127.0.0.1','内网IP','{\"children\":[],\"createBy\":\"admin\",\"createTime\":\"2023-07-23 23:21:42\",\"delFlag\":0,\"orderNum\":1,\"params\":{},\"parentId\":1,\"schoolId\":2,\"schoolName\":\"ss1\",\"updateBy\":\"admin\",\"updateTime\":\"2023-07-23 23:21:42\"}','{\"msg\":\"操作成功\",\"code\":200}',0,NULL,'2023-07-23 23:21:42',9),(123,'代码生成',2,'com.ruoyi.generator.controller.GenController.editSave()','PUT',1,'admin',NULL,'/tool/gen','127.0.0.1','内网IP','{\"businessName\":\"classes\",\"className\":\"DemoClasses\",\"codeType\":\"1\",\"columns\":[{\"capJavaField\":\"ClassesId\",\"columnComment\":\"编号\",\"columnId\":1,\"columnName\":\"classes_id\",\"columnType\":\"int\",\"createBy\":\"admin\",\"createTime\":\"2023-07-06 01:58:56\",\"dictType\":\"\",\"edit\":false,\"htmlType\":\"input\",\"increment\":true,\"insert\":true,\"isIncrement\":\"1\",\"isInsert\":\"1\",\"isPk\":\"1\",\"javaField\":\"classesId\",\"javaType\":\"Long\",\"list\":false,\"params\":{},\"pk\":true,\"query\":false,\"queryType\":\"EQ\",\"required\":false,\"sort\":1,\"superColumn\":false,\"tableId\":1,\"updateBy\":\"\",\"updateTime\":\"2023-07-23 23:08:31\",\"usableColumn\":false},{\"capJavaField\":\"ClassesName\",\"columnComment\":\"班级名称\",\"columnId\":2,\"columnName\":\"classes_name\",\"columnType\":\"varchar(30)\",\"createBy\":\"admin\",\"createTime\":\"2023-07-06 01:58:56\",\"dictType\":\"\",\"edit\":true,\"htmlType\":\"input\",\"increment\":false,\"insert\":true,\"isEdit\":\"1\",\"isIncrement\":\"0\",\"isInsert\":\"1\",\"isList\":\"1\",\"isPk\":\"0\",\"isQuery\":\"1\",\"javaField\":\"classesName\",\"javaType\":\"String\",\"list\":true,\"params\":{},\"pk\":false,\"query\":true,\"queryType\":\"LIKE\",\"required\":false,\"sort\":2,\"superColumn\":false,\"tableId\":1,\"updateBy\":\"\",\"updateTime\":\"2023-07-23 23:08:31\",\"usableColumn\":false},{\"capJavaField\":\"ClassesGrade\",\"columnComment\":\"班级年级\",\"columnId\":3,\"columnName\":\"classes_grade\",\"columnType\":\"int\",\"createBy\":\"admin\",\"createTime\":\"2023-07-06 01:58:56\",\"dictType\":\"\",\"edit\":true,\"htmlType\":\"input\",\"increment\":false,\"insert\":true,\"isEdit\":\"1\",\"isIncrement\":\"0\",\"isInsert\":\"1\",\"isList\":\"1\",\"isPk\":\"0\",\"isQuery\":\"1\",\"javaField\":\"classesGrade\",\"javaType\":\"Long\",\"list\":true,\"params\":{},\"pk\":false,\"query\":true,\"queryType\":\"EQ\",\"required\":false,\"sort\":3,\"superColumn\":false,\"tableId\":1,\"updateBy\":\"\",\"updateTime\":\"2023-07-23 23:08:31\",\"usableColumn\":false},{\"capJavaField\":\"ClassesTeacher\",\"columnComment\":\"班主任\",\"columnId\":4,\"columnName\":\"classes_teacher\",\"columnType\":\"varchar(30)\",\"createBy\":\"admin\",\"createTime\":\"2023-07-06 01:58:56\",\"dictType\":\"\",\"edit\":true,\"htmlType\":\"input\",\"increment\":false,\"insert\":true','{\"msg\":\"操作成功\",\"code\":200}',0,NULL,'2023-07-23 23:30:35',65),(124,'代码生成',8,'com.ruoyi.generator.controller.GenController.batchGenCode()','GET',1,'admin',NULL,'/tool/gen/batchGenCode','127.0.0.1','内网IP','{\"tables\":\"demo_classes\"}',NULL,0,NULL,'2023-07-23 23:30:41',124),(125,'代码生成',2,'com.ruoyi.generator.controller.GenController.editSave()','PUT',1,'admin',NULL,'/tool/gen','127.0.0.1','内网IP','{\"businessName\":\"classes\",\"className\":\"DemoClasses\",\"codeType\":\"1\",\"columns\":[{\"capJavaField\":\"ClassesId\",\"columnComment\":\"编号\",\"columnId\":1,\"columnName\":\"classes_id\",\"columnType\":\"int\",\"createBy\":\"admin\",\"createTime\":\"2023-07-06 01:58:56\",\"dictType\":\"\",\"edit\":false,\"htmlType\":\"input\",\"increment\":true,\"insert\":true,\"isIncrement\":\"1\",\"isInsert\":\"1\",\"isPk\":\"1\",\"javaField\":\"classesId\",\"javaType\":\"Long\",\"list\":false,\"params\":{},\"pk\":true,\"query\":false,\"queryType\":\"EQ\",\"required\":false,\"sort\":1,\"superColumn\":false,\"tableId\":1,\"updateBy\":\"\",\"updateTime\":\"2023-07-23 23:30:35\",\"usableColumn\":false},{\"capJavaField\":\"ClassesName\",\"columnComment\":\"班级名称\",\"columnId\":2,\"columnName\":\"classes_name\",\"columnType\":\"varchar(30)\",\"createBy\":\"admin\",\"createTime\":\"2023-07-06 01:58:56\",\"dictType\":\"\",\"edit\":true,\"htmlType\":\"input\",\"increment\":false,\"insert\":true,\"isEdit\":\"1\",\"isIncrement\":\"0\",\"isInsert\":\"1\",\"isList\":\"1\",\"isPk\":\"0\",\"isQuery\":\"1\",\"javaField\":\"classesName\",\"javaType\":\"String\",\"list\":true,\"params\":{},\"pk\":false,\"query\":true,\"queryType\":\"LIKE\",\"required\":false,\"sort\":2,\"superColumn\":false,\"tableId\":1,\"updateBy\":\"\",\"updateTime\":\"2023-07-23 23:30:35\",\"usableColumn\":false},{\"capJavaField\":\"ClassesGrade\",\"columnComment\":\"班级年级\",\"columnId\":3,\"columnName\":\"classes_grade\",\"columnType\":\"int\",\"createBy\":\"admin\",\"createTime\":\"2023-07-06 01:58:56\",\"dictType\":\"\",\"edit\":true,\"htmlType\":\"input\",\"increment\":false,\"insert\":true,\"isEdit\":\"1\",\"isIncrement\":\"0\",\"isInsert\":\"1\",\"isList\":\"1\",\"isPk\":\"0\",\"isQuery\":\"1\",\"javaField\":\"classesGrade\",\"javaType\":\"Long\",\"list\":true,\"params\":{},\"pk\":false,\"query\":true,\"queryType\":\"EQ\",\"required\":false,\"sort\":3,\"superColumn\":false,\"tableId\":1,\"updateBy\":\"\",\"updateTime\":\"2023-07-23 23:30:35\",\"usableColumn\":false},{\"capJavaField\":\"ClassesTeacher\",\"columnComment\":\"班主任\",\"columnId\":4,\"columnName\":\"classes_teacher\",\"columnType\":\"varchar(30)\",\"createBy\":\"admin\",\"createTime\":\"2023-07-06 01:58:56\",\"dictType\":\"\",\"edit\":true,\"htmlType\":\"input\",\"increment\":false,\"insert\":true','{\"msg\":\"操作成功\",\"code\":200}',0,NULL,'2023-07-23 23:34:19',67),(126,'代码生成',8,'com.ruoyi.generator.controller.GenController.batchGenCode()','GET',1,'admin',NULL,'/tool/gen/batchGenCode','127.0.0.1','内网IP','{\"tables\":\"demo_classes\"}',NULL,0,NULL,'2023-07-23 23:34:23',115),(127,'代码生成',2,'com.ruoyi.generator.controller.GenController.editSave()','PUT',1,'admin',NULL,'/tool/gen','127.0.0.1','内网IP','{\"businessName\":\"student\",\"className\":\"DemoStudent\",\"codeType\":\"1\",\"columns\":[{\"capJavaField\":\"StudentId\",\"columnComment\":\"编号\",\"columnId\":24,\"columnName\":\"student_id\",\"columnType\":\"int\",\"createBy\":\"admin\",\"createTime\":\"2023-07-06 01:58:56\",\"dictType\":\"\",\"edit\":false,\"htmlType\":\"input\",\"increment\":true,\"insert\":true,\"isIncrement\":\"1\",\"isInsert\":\"1\",\"isPk\":\"1\",\"javaField\":\"studentId\",\"javaType\":\"Long\",\"list\":false,\"params\":{},\"pk\":true,\"query\":false,\"queryType\":\"EQ\",\"required\":false,\"sort\":1,\"superColumn\":false,\"tableId\":3,\"updateBy\":\"\",\"updateTime\":\"2023-07-23 23:09:53\",\"usableColumn\":false},{\"capJavaField\":\"ClassesId\",\"columnComment\":\"所属班级ID\",\"columnId\":25,\"columnName\":\"classes_id\",\"columnType\":\"int\",\"createBy\":\"admin\",\"createTime\":\"2023-07-06 01:58:56\",\"dictType\":\"\",\"edit\":true,\"htmlType\":\"input\",\"increment\":false,\"insert\":true,\"isEdit\":\"1\",\"isIncrement\":\"0\",\"isInsert\":\"1\",\"isList\":\"1\",\"isPk\":\"0\",\"isQuery\":\"1\",\"javaField\":\"classesId\",\"javaType\":\"Long\",\"list\":true,\"params\":{},\"pk\":false,\"query\":true,\"queryType\":\"EQ\",\"required\":false,\"sort\":2,\"superColumn\":false,\"tableId\":3,\"updateBy\":\"\",\"updateTime\":\"2023-07-23 23:09:53\",\"usableColumn\":false},{\"capJavaField\":\"StudentName\",\"columnComment\":\"学生名称\",\"columnId\":26,\"columnName\":\"student_name\",\"columnType\":\"varchar(30)\",\"createBy\":\"admin\",\"createTime\":\"2023-07-06 01:58:56\",\"dictType\":\"\",\"edit\":true,\"htmlType\":\"input\",\"increment\":false,\"insert\":true,\"isEdit\":\"1\",\"isIncrement\":\"0\",\"isInsert\":\"1\",\"isList\":\"1\",\"isPk\":\"0\",\"isQuery\":\"1\",\"javaField\":\"studentName\",\"javaType\":\"String\",\"list\":true,\"params\":{},\"pk\":false,\"query\":true,\"queryType\":\"LIKE\",\"required\":false,\"sort\":3,\"superColumn\":false,\"tableId\":3,\"updateBy\":\"\",\"updateTime\":\"2023-07-23 23:09:53\",\"usableColumn\":false},{\"capJavaField\":\"StudentAge\",\"columnComment\":\"年龄\",\"columnId\":27,\"columnName\":\"student_age\",\"columnType\":\"int\",\"createBy\":\"admin\",\"createTime\":\"2023-07-06 01:58:56\",\"dictType\":\"\",\"edit\":true,\"htmlType\":\"input\",\"increment\":false,\"insert\":true,\"isEdit\":\"1\",\"isInc','{\"msg\":\"操作成功\",\"code\":200}',0,NULL,'2023-07-23 23:36:36',103),(128,'主子',1,'com.ruoyi.demo.controller.DemoClassesController.add()','POST',1,'admin',NULL,'/demo/classes','127.0.0.1','内网IP','{\"classesGrade\":5,\"classesId\":3,\"classesName\":\"51班\",\"classesTeacher\":\"micah\",\"createBy\":\"admin\",\"createTime\":\"2023-07-23 23:37:14\",\"delFlag\":0,\"demoStudentList\":[{\"classesId\":3,\"createBy\":\"admin\",\"createTime\":\"2023-07-23 23:37:14\",\"params\":{},\"remark\":\"\",\"studentAge\":15,\"studentBirthday\":\"2023-07-23\",\"studentId\":1,\"studentName\":\"test1\",\"studentSex\":\"\",\"updateBy\":\"admin\",\"updateTime\":\"2023-07-23 23:37:14\"}],\"params\":{},\"updateBy\":\"admin\",\"updateTime\":\"2023-07-23 23:37:14\"}','{\"msg\":\"操作成功\",\"code\":200}',0,NULL,'2023-07-23 23:37:14',24),(129,'主子',2,'com.ruoyi.demo.controller.DemoClassesController.edit()','PUT',1,'admin',NULL,'/demo/classes','127.0.0.1','内网IP','{\"classesGrade\":5,\"classesId\":3,\"classesName\":\"51班\",\"classesTeacher\":\"micah\",\"createBy\":\"admin\",\"createTime\":\"2023-07-23 23:37:15\",\"delFlag\":0,\"demoStudentList\":[{\"STATUS\":\"0\",\"classesId\":3,\"createBy\":\"admin\",\"createTime\":\"2023-07-23 23:37:15\",\"delFlag\":0,\"params\":{},\"remark\":\"\",\"studentAge\":15,\"studentBirthday\":\"2023-07-23\",\"studentId\":1,\"studentName\":\"test1\",\"studentSex\":\"\",\"updateBy\":\"admin\",\"updateTime\":\"2023-07-23 23:37:15\"}],\"params\":{},\"status\":\"0\",\"updateBy\":\"admin\",\"updateTime\":\"2023-07-23 23:41:14\"}',NULL,1,'\r\n### Error updating database.  Cause: java.sql.SQLSyntaxErrorException: Unknown column \'s_t_a_t_u_s\' in \'field list\'\r\n### The error may exist in com/ruoyi/demo/mapper/DemoStudentMapper.java (best guess)\r\n### The error may involve com.ruoyi.demo.mapper.DemoStudentMapper.insert-Inline\r\n### The error occurred while setting parameters\r\n### SQL: INSERT INTO demo_student  ( student_id, classes_id, student_name, student_age, student_sex, student_birthday, s_t_a_t_u_s, del_flag, create_by, create_time, update_by, update_time, remark )  VALUES  ( ?, ?, ?, ?, ?, ?, ?, ?, ?, ?, ?, ?, ? )\r\n### Cause: java.sql.SQLSyntaxErrorException: Unknown column \'s_t_a_t_u_s\' in \'field list\'\n; bad SQL grammar []; nested exception is java.sql.SQLSyntaxErrorException: Unknown column \'s_t_a_t_u_s\' in \'field list\'','2023-07-23 23:41:14',52),(130,'代码生成',2,'com.ruoyi.generator.controller.GenController.editSave()','PUT',1,'admin',NULL,'/tool/gen','127.0.0.1','内网IP','{\"businessName\":\"student\",\"className\":\"DemoStudent\",\"codeType\":\"1\",\"columns\":[{\"capJavaField\":\"StudentId\",\"columnComment\":\"编号\",\"columnId\":24,\"columnName\":\"student_id\",\"columnType\":\"int\",\"createBy\":\"admin\",\"createTime\":\"2023-07-06 01:58:56\",\"dictType\":\"\",\"edit\":false,\"htmlType\":\"input\",\"increment\":true,\"insert\":true,\"isIncrement\":\"1\",\"isInsert\":\"1\",\"isPk\":\"1\",\"javaField\":\"studentId\",\"javaType\":\"Long\",\"list\":false,\"params\":{},\"pk\":true,\"query\":false,\"queryType\":\"EQ\",\"required\":false,\"sort\":1,\"superColumn\":false,\"tableId\":3,\"updateBy\":\"\",\"updateTime\":\"2023-07-23 23:36:36\",\"usableColumn\":false},{\"capJavaField\":\"ClassesId\",\"columnComment\":\"所属班级ID\",\"columnId\":25,\"columnName\":\"classes_id\",\"columnType\":\"int\",\"createBy\":\"admin\",\"createTime\":\"2023-07-06 01:58:56\",\"dictType\":\"\",\"edit\":true,\"htmlType\":\"input\",\"increment\":false,\"insert\":true,\"isEdit\":\"1\",\"isIncrement\":\"0\",\"isInsert\":\"1\",\"isList\":\"1\",\"isPk\":\"0\",\"isQuery\":\"1\",\"javaField\":\"classesId\",\"javaType\":\"Long\",\"list\":true,\"params\":{},\"pk\":false,\"query\":true,\"queryType\":\"EQ\",\"required\":false,\"sort\":2,\"superColumn\":false,\"tableId\":3,\"updateBy\":\"\",\"updateTime\":\"2023-07-23 23:36:36\",\"usableColumn\":false},{\"capJavaField\":\"StudentName\",\"columnComment\":\"学生名称\",\"columnId\":26,\"columnName\":\"student_name\",\"columnType\":\"varchar(30)\",\"createBy\":\"admin\",\"createTime\":\"2023-07-06 01:58:56\",\"dictType\":\"\",\"edit\":true,\"htmlType\":\"input\",\"increment\":false,\"insert\":true,\"isEdit\":\"1\",\"isIncrement\":\"0\",\"isInsert\":\"1\",\"isList\":\"1\",\"isPk\":\"0\",\"isQuery\":\"1\",\"javaField\":\"studentName\",\"javaType\":\"String\",\"list\":true,\"params\":{},\"pk\":false,\"query\":true,\"queryType\":\"LIKE\",\"required\":false,\"sort\":3,\"superColumn\":false,\"tableId\":3,\"updateBy\":\"\",\"updateTime\":\"2023-07-23 23:36:36\",\"usableColumn\":false},{\"capJavaField\":\"StudentAge\",\"columnComment\":\"年龄\",\"columnId\":27,\"columnName\":\"student_age\",\"columnType\":\"int\",\"createBy\":\"admin\",\"createTime\":\"2023-07-06 01:58:56\",\"dictType\":\"\",\"edit\":true,\"htmlType\":\"input\",\"increment\":false,\"insert\":true,\"isEdit\":\"1\",\"isInc','{\"msg\":\"操作成功\",\"code\":200}',0,NULL,'2023-07-23 23:42:11',65),(131,'代码生成',8,'com.ruoyi.generator.controller.GenController.batchGenCode()','GET',1,'admin',NULL,'/tool/gen/batchGenCode','127.0.0.1','内网IP','{\"tables\":\"demo_student\"}',NULL,0,NULL,'2023-07-23 23:42:14',108),(132,'代码生成',2,'com.ruoyi.generator.controller.GenController.editSave()','PUT',1,'admin',NULL,'/tool/gen','127.0.0.1','内网IP','{\"businessName\":\"classes\",\"className\":\"DemoClasses\",\"codeType\":\"1\",\"columns\":[{\"capJavaField\":\"ClassesId\",\"columnComment\":\"编号\",\"columnId\":1,\"columnName\":\"classes_id\",\"columnType\":\"int\",\"createBy\":\"admin\",\"createTime\":\"2023-07-06 01:58:56\",\"dictType\":\"\",\"edit\":false,\"htmlType\":\"input\",\"increment\":true,\"insert\":true,\"isIncrement\":\"1\",\"isInsert\":\"1\",\"isPk\":\"1\",\"javaField\":\"classesId\",\"javaType\":\"Long\",\"list\":false,\"params\":{},\"pk\":true,\"query\":false,\"queryType\":\"EQ\",\"required\":false,\"sort\":1,\"superColumn\":false,\"tableId\":1,\"updateBy\":\"\",\"updateTime\":\"2023-07-23 23:34:19\",\"usableColumn\":false},{\"capJavaField\":\"ClassesName\",\"columnComment\":\"班级名称\",\"columnId\":2,\"columnName\":\"classes_name\",\"columnType\":\"varchar(30)\",\"createBy\":\"admin\",\"createTime\":\"2023-07-06 01:58:56\",\"dictType\":\"\",\"edit\":true,\"htmlType\":\"input\",\"increment\":false,\"insert\":true,\"isEdit\":\"1\",\"isIncrement\":\"0\",\"isInsert\":\"1\",\"isList\":\"1\",\"isPk\":\"0\",\"isQuery\":\"1\",\"javaField\":\"classesName\",\"javaType\":\"String\",\"list\":true,\"params\":{},\"pk\":false,\"query\":true,\"queryType\":\"LIKE\",\"required\":false,\"sort\":2,\"superColumn\":false,\"tableId\":1,\"updateBy\":\"\",\"updateTime\":\"2023-07-23 23:34:19\",\"usableColumn\":false},{\"capJavaField\":\"ClassesGrade\",\"columnComment\":\"班级年级\",\"columnId\":3,\"columnName\":\"classes_grade\",\"columnType\":\"int\",\"createBy\":\"admin\",\"createTime\":\"2023-07-06 01:58:56\",\"dictType\":\"\",\"edit\":true,\"htmlType\":\"input\",\"increment\":false,\"insert\":true,\"isEdit\":\"1\",\"isIncrement\":\"0\",\"isInsert\":\"1\",\"isList\":\"1\",\"isPk\":\"0\",\"isQuery\":\"1\",\"javaField\":\"classesGrade\",\"javaType\":\"Long\",\"list\":true,\"params\":{},\"pk\":false,\"query\":true,\"queryType\":\"EQ\",\"required\":false,\"sort\":3,\"superColumn\":false,\"tableId\":1,\"updateBy\":\"\",\"updateTime\":\"2023-07-23 23:34:19\",\"usableColumn\":false},{\"capJavaField\":\"ClassesTeacher\",\"columnComment\":\"班主任\",\"columnId\":4,\"columnName\":\"classes_teacher\",\"columnType\":\"varchar(30)\",\"createBy\":\"admin\",\"createTime\":\"2023-07-06 01:58:56\",\"dictType\":\"\",\"edit\":true,\"htmlType\":\"input\",\"increment\":false,\"insert\":true','{\"msg\":\"操作成功\",\"code\":200}',0,NULL,'2023-07-23 23:48:08',79),(133,'代码生成',8,'com.ruoyi.generator.controller.GenController.batchGenCode()','GET',1,'admin',NULL,'/tool/gen/batchGenCode','127.0.0.1','内网IP','{\"tables\":\"demo_classes\"}',NULL,0,NULL,'2023-07-23 23:48:15',115),(134,'代码生成',6,'com.ruoyi.generator.controller.GenController.importTableSave()','POST',1,'admin',NULL,'/tool/gen/importTable','127.0.0.1','内网IP','\"mimi_system_settings,mimi_information,mimi_message,mimi_category,mimi_link\"','{\"msg\":\"操作成功\",\"code\":200}',0,NULL,'2023-07-24 16:14:45',129),(135,'菜单管理',1,'com.ruoyi.system.controller.SysMenuController.add()','POST',1,'admin',NULL,'/system/menu','127.0.0.1','内网IP','{\"children\":[],\"createBy\":\"admin\",\"icon\":\"rate\",\"isCache\":\"0\",\"isFrame\":\"1\",\"menuName\":\"米米星\",\"menuType\":\"M\",\"orderNum\":1,\"params\":{},\"parentId\":0,\"path\":\"mimistar\",\"status\":\"0\",\"visible\":\"0\"}','{\"msg\":\"操作成功\",\"code\":200}',0,NULL,'2023-07-24 16:18:30',15),(136,'菜单管理',2,'com.ruoyi.system.controller.SysMenuController.edit()','PUT',1,'admin',NULL,'/system/menu','127.0.0.1','内网IP','{\"children\":[],\"createTime\":\"2023-07-24 16:18:30\",\"icon\":\"rate\",\"isCache\":\"0\",\"isFrame\":\"1\",\"menuId\":2018,\"menuName\":\"米米星\",\"menuType\":\"M\",\"orderNum\":5,\"params\":{},\"parentId\":0,\"path\":\"mimistar\",\"perms\":\"\",\"status\":\"0\",\"updateBy\":\"admin\",\"visible\":\"0\"}','{\"msg\":\"操作成功\",\"code\":200}',0,NULL,'2023-07-24 16:18:42',12),(137,'代码生成',2,'com.ruoyi.generator.controller.GenController.editSave()','PUT',1,'admin',NULL,'/tool/gen','127.0.0.1','内网IP','{\"businessName\":\"category\",\"className\":\"MimiCategory\",\"codeType\":\"0\",\"columns\":[{\"capJavaField\":\"Id\",\"columnComment\":\"分类ID\",\"columnId\":37,\"columnName\":\"id\",\"columnType\":\"int\",\"createBy\":\"admin\",\"createTime\":\"2023-07-24 16:14:45\",\"dictType\":\"\",\"edit\":false,\"htmlType\":\"input\",\"increment\":true,\"insert\":true,\"isIncrement\":\"1\",\"isInsert\":\"1\",\"isPk\":\"1\",\"javaField\":\"id\",\"javaType\":\"Long\",\"list\":false,\"params\":{},\"pk\":true,\"query\":false,\"queryType\":\"EQ\",\"required\":false,\"sort\":1,\"superColumn\":false,\"tableId\":4,\"updateBy\":\"\",\"usableColumn\":false},{\"capJavaField\":\"ParentId\",\"columnComment\":\"所属分类ID\",\"columnId\":38,\"columnName\":\"parent_id\",\"columnType\":\"int\",\"createBy\":\"admin\",\"createTime\":\"2023-07-24 16:14:45\",\"dictType\":\"\",\"edit\":true,\"htmlType\":\"input\",\"increment\":false,\"insert\":true,\"isEdit\":\"1\",\"isIncrement\":\"0\",\"isInsert\":\"1\",\"isList\":\"1\",\"isPk\":\"0\",\"isQuery\":\"1\",\"javaField\":\"parentId\",\"javaType\":\"Long\",\"list\":true,\"params\":{},\"pk\":false,\"query\":true,\"queryType\":\"EQ\",\"required\":false,\"sort\":2,\"superColumn\":true,\"tableId\":4,\"updateBy\":\"\",\"usableColumn\":true},{\"capJavaField\":\"Name\",\"columnComment\":\"分类名称\",\"columnId\":39,\"columnName\":\"name\",\"columnType\":\"varchar(255)\",\"createBy\":\"admin\",\"createTime\":\"2023-07-24 16:14:45\",\"dictType\":\"\",\"edit\":true,\"htmlType\":\"input\",\"increment\":false,\"insert\":true,\"isEdit\":\"1\",\"isIncrement\":\"0\",\"isInsert\":\"1\",\"isList\":\"1\",\"isPk\":\"0\",\"isQuery\":\"1\",\"isRequired\":\"1\",\"javaField\":\"name\",\"javaType\":\"String\",\"list\":true,\"params\":{},\"pk\":false,\"query\":true,\"queryType\":\"LIKE\",\"required\":true,\"sort\":3,\"superColumn\":false,\"tableId\":4,\"updateBy\":\"\",\"usableColumn\":false},{\"capJavaField\":\"Level\",\"columnComment\":\"分类等级\",\"columnId\":40,\"columnName\":\"level\",\"columnType\":\"tinyint\",\"createBy\":\"admin\",\"createTime\":\"2023-07-24 16:14:45\",\"dictType\":\"\",\"edit\":true,\"htmlType\":\"input\",\"increment\":false,\"insert\":true,\"isEdit\":\"1\",\"isIncrement\":\"0\",\"isInsert\":\"1\",\"isList\":\"1\",\"isPk\":\"0\",\"isQuery\":\"1\",\"isRequired\":\"1\",\"javaField\":\"level\",\"javaType\":\"Long\",\"list\":true,\"param',NULL,1,'树编码字段不能为空','2023-07-24 16:18:57',6),(138,'代码生成',2,'com.ruoyi.generator.controller.GenController.editSave()','PUT',1,'admin',NULL,'/tool/gen','127.0.0.1','内网IP','{\"businessName\":\"category\",\"className\":\"MimiCategory\",\"codeType\":\"0\",\"columns\":[{\"capJavaField\":\"Id\",\"columnComment\":\"分类ID\",\"columnId\":37,\"columnName\":\"id\",\"columnType\":\"int\",\"createBy\":\"admin\",\"createTime\":\"2023-07-24 16:14:45\",\"dictType\":\"\",\"edit\":false,\"htmlType\":\"input\",\"increment\":true,\"insert\":true,\"isIncrement\":\"1\",\"isInsert\":\"1\",\"isPk\":\"1\",\"javaField\":\"id\",\"javaType\":\"Long\",\"list\":false,\"params\":{},\"pk\":true,\"query\":false,\"queryType\":\"EQ\",\"required\":false,\"sort\":1,\"superColumn\":false,\"tableId\":4,\"updateBy\":\"\",\"usableColumn\":false},{\"capJavaField\":\"ParentId\",\"columnComment\":\"所属分类ID\",\"columnId\":38,\"columnName\":\"parent_id\",\"columnType\":\"int\",\"createBy\":\"admin\",\"createTime\":\"2023-07-24 16:14:45\",\"dictType\":\"\",\"edit\":true,\"htmlType\":\"input\",\"increment\":false,\"insert\":true,\"isEdit\":\"1\",\"isIncrement\":\"0\",\"isInsert\":\"1\",\"isList\":\"1\",\"isPk\":\"0\",\"isQuery\":\"1\",\"javaField\":\"parentId\",\"javaType\":\"Long\",\"list\":true,\"params\":{},\"pk\":false,\"query\":true,\"queryType\":\"EQ\",\"required\":false,\"sort\":2,\"superColumn\":true,\"tableId\":4,\"updateBy\":\"\",\"usableColumn\":true},{\"capJavaField\":\"Name\",\"columnComment\":\"分类名称\",\"columnId\":39,\"columnName\":\"name\",\"columnType\":\"varchar(255)\",\"createBy\":\"admin\",\"createTime\":\"2023-07-24 16:14:45\",\"dictType\":\"\",\"edit\":true,\"htmlType\":\"input\",\"increment\":false,\"insert\":true,\"isEdit\":\"1\",\"isIncrement\":\"0\",\"isInsert\":\"1\",\"isList\":\"1\",\"isPk\":\"0\",\"isQuery\":\"1\",\"isRequired\":\"1\",\"javaField\":\"name\",\"javaType\":\"String\",\"list\":true,\"params\":{},\"pk\":false,\"query\":true,\"queryType\":\"LIKE\",\"required\":true,\"sort\":3,\"superColumn\":false,\"tableId\":4,\"updateBy\":\"\",\"usableColumn\":false},{\"capJavaField\":\"Level\",\"columnComment\":\"分类等级\",\"columnId\":40,\"columnName\":\"level\",\"columnType\":\"tinyint\",\"createBy\":\"admin\",\"createTime\":\"2023-07-24 16:14:45\",\"dictType\":\"\",\"edit\":true,\"htmlType\":\"input\",\"increment\":false,\"insert\":true,\"isEdit\":\"1\",\"isIncrement\":\"0\",\"isInsert\":\"1\",\"isList\":\"1\",\"isPk\":\"0\",\"isQuery\":\"1\",\"isRequired\":\"1\",\"javaField\":\"level\",\"javaType\":\"Long\",\"list\":true,\"param','{\"msg\":\"操作成功\",\"code\":200}',0,NULL,'2023-07-24 16:19:18',42),(139,'代码生成',2,'com.ruoyi.generator.controller.GenController.editSave()','PUT',1,'admin',NULL,'/tool/gen','127.0.0.1','内网IP','{\"businessName\":\"category\",\"className\":\"MimiCategory\",\"codeType\":\"1\",\"columns\":[{\"capJavaField\":\"Id\",\"columnComment\":\"分类ID\",\"columnId\":37,\"columnName\":\"id\",\"columnType\":\"int\",\"createBy\":\"admin\",\"createTime\":\"2023-07-24 16:14:45\",\"dictType\":\"\",\"edit\":false,\"htmlType\":\"input\",\"increment\":true,\"insert\":true,\"isIncrement\":\"1\",\"isInsert\":\"1\",\"isPk\":\"1\",\"javaField\":\"id\",\"javaType\":\"Long\",\"list\":false,\"params\":{},\"pk\":true,\"query\":false,\"queryType\":\"EQ\",\"required\":false,\"sort\":1,\"superColumn\":false,\"tableId\":4,\"updateBy\":\"\",\"updateTime\":\"2023-07-24 16:19:18\",\"usableColumn\":false},{\"capJavaField\":\"ParentId\",\"columnComment\":\"所属分类ID\",\"columnId\":38,\"columnName\":\"parent_id\",\"columnType\":\"int\",\"createBy\":\"admin\",\"createTime\":\"2023-07-24 16:14:45\",\"dictType\":\"\",\"edit\":true,\"htmlType\":\"input\",\"increment\":false,\"insert\":true,\"isEdit\":\"1\",\"isIncrement\":\"0\",\"isInsert\":\"1\",\"isList\":\"1\",\"isPk\":\"0\",\"isQuery\":\"1\",\"javaField\":\"parentId\",\"javaType\":\"Long\",\"list\":true,\"params\":{},\"pk\":false,\"query\":true,\"queryType\":\"EQ\",\"required\":false,\"sort\":2,\"superColumn\":true,\"tableId\":4,\"updateBy\":\"\",\"updateTime\":\"2023-07-24 16:19:18\",\"usableColumn\":true},{\"capJavaField\":\"Name\",\"columnComment\":\"分类名称\",\"columnId\":39,\"columnName\":\"name\",\"columnType\":\"varchar(255)\",\"createBy\":\"admin\",\"createTime\":\"2023-07-24 16:14:45\",\"dictType\":\"\",\"edit\":true,\"htmlType\":\"input\",\"increment\":false,\"insert\":true,\"isEdit\":\"1\",\"isIncrement\":\"0\",\"isInsert\":\"1\",\"isList\":\"1\",\"isPk\":\"0\",\"isQuery\":\"1\",\"isRequired\":\"1\",\"javaField\":\"name\",\"javaType\":\"String\",\"list\":true,\"params\":{},\"pk\":false,\"query\":true,\"queryType\":\"LIKE\",\"required\":true,\"sort\":3,\"superColumn\":false,\"tableId\":4,\"updateBy\":\"\",\"updateTime\":\"2023-07-24 16:19:18\",\"usableColumn\":false},{\"capJavaField\":\"Level\",\"columnComment\":\"分类等级\",\"columnId\":40,\"columnName\":\"level\",\"columnType\":\"tinyint\",\"createBy\":\"admin\",\"createTime\":\"2023-07-24 16:14:45\",\"dictType\":\"\",\"edit\":true,\"htmlType\":\"input\",\"increment\":false,\"insert\":true,\"isEdit\":\"1\",\"isIncrement\":\"0\",\"isInsert\":\"1\",\"isLis','{\"msg\":\"操作成功\",\"code\":200}',0,NULL,'2023-07-24 16:19:48',34),(140,'代码生成',2,'com.ruoyi.generator.controller.GenController.editSave()','PUT',1,'admin',NULL,'/tool/gen','127.0.0.1','内网IP','{\"businessName\":\"information\",\"className\":\"MimiInformation\",\"codeType\":\"1\",\"columns\":[{\"capJavaField\":\"Id\",\"columnComment\":\"信息ID\",\"columnId\":47,\"columnName\":\"id\",\"columnType\":\"int\",\"createBy\":\"admin\",\"createTime\":\"2023-07-24 16:14:45\",\"dictType\":\"\",\"edit\":false,\"htmlType\":\"input\",\"increment\":true,\"insert\":true,\"isIncrement\":\"1\",\"isInsert\":\"1\",\"isPk\":\"1\",\"javaField\":\"id\",\"javaType\":\"Long\",\"list\":false,\"params\":{},\"pk\":true,\"query\":false,\"queryType\":\"EQ\",\"required\":false,\"sort\":1,\"superColumn\":false,\"tableId\":5,\"updateBy\":\"\",\"usableColumn\":false},{\"capJavaField\":\"Title\",\"columnComment\":\"标题\",\"columnId\":48,\"columnName\":\"title\",\"columnType\":\"varchar(100)\",\"createBy\":\"admin\",\"createTime\":\"2023-07-24 16:14:45\",\"dictType\":\"\",\"edit\":true,\"htmlType\":\"input\",\"increment\":false,\"insert\":true,\"isEdit\":\"1\",\"isIncrement\":\"0\",\"isInsert\":\"1\",\"isList\":\"1\",\"isPk\":\"0\",\"isQuery\":\"1\",\"isRequired\":\"1\",\"javaField\":\"title\",\"javaType\":\"String\",\"list\":true,\"params\":{},\"pk\":false,\"query\":true,\"queryType\":\"EQ\",\"required\":true,\"sort\":2,\"superColumn\":false,\"tableId\":5,\"updateBy\":\"\",\"usableColumn\":false},{\"capJavaField\":\"Content\",\"columnComment\":\"内容\",\"columnId\":49,\"columnName\":\"content\",\"columnType\":\"text\",\"createBy\":\"admin\",\"createTime\":\"2023-07-24 16:14:45\",\"dictType\":\"\",\"edit\":true,\"htmlType\":\"editor\",\"increment\":false,\"insert\":true,\"isEdit\":\"1\",\"isIncrement\":\"0\",\"isInsert\":\"1\",\"isList\":\"1\",\"isPk\":\"0\",\"isQuery\":\"1\",\"isRequired\":\"1\",\"javaField\":\"content\",\"javaType\":\"String\",\"list\":true,\"params\":{},\"pk\":false,\"query\":true,\"queryType\":\"EQ\",\"required\":true,\"sort\":3,\"superColumn\":false,\"tableId\":5,\"updateBy\":\"\",\"usableColumn\":false},{\"capJavaField\":\"Category\",\"columnComment\":\"分类（0为系统，1为公告，2为个人信息）\",\"columnId\":50,\"columnName\":\"category\",\"columnType\":\"tinyint(1)\",\"createBy\":\"admin\",\"createTime\":\"2023-07-24 16:14:45\",\"dictType\":\"\",\"edit\":true,\"htmlType\":\"input\",\"increment\":false,\"insert\":true,\"isEdit\":\"1\",\"isIncrement\":\"0\",\"isInsert\":\"1\",\"isList\":\"1\",\"isPk\":\"0\",\"isQuery\":\"1\",\"isRequired\":\"1\",\"javaField\":','{\"msg\":\"操作成功\",\"code\":200}',0,NULL,'2023-07-24 16:22:08',40),(141,'字典类型',1,'com.ruoyi.system.controller.SysDictTypeController.add()','POST',1,'admin',NULL,'/system/dict/type','127.0.0.1','内网IP','{\"createBy\":\"admin\",\"dictName\":\"删除标志\",\"dictType\":\"mimi_del_no\",\"params\":{},\"status\":\"0\"}','{\"msg\":\"操作成功\",\"code\":200}',0,NULL,'2023-07-24 16:24:57',13),(142,'字典数据',1,'com.ruoyi.system.controller.SysDictDataController.add()','POST',1,'admin',NULL,'/system/dict/data','127.0.0.1','内网IP','{\"createBy\":\"admin\",\"default\":false,\"dictLabel\":\"未删除\",\"dictSort\":0,\"dictType\":\"mimi_del_no\",\"dictValue\":\"0\",\"listClass\":\"default\",\"params\":{},\"status\":\"0\"}','{\"msg\":\"操作成功\",\"code\":200}',0,NULL,'2023-07-24 16:25:32',14),(143,'字典数据',1,'com.ruoyi.system.controller.SysDictDataController.add()','POST',1,'admin',NULL,'/system/dict/data','127.0.0.1','内网IP','{\"createBy\":\"admin\",\"default\":false,\"dictLabel\":\"已删除\",\"dictSort\":0,\"dictType\":\"mimi_del_no\",\"dictValue\":\"1\",\"listClass\":\"warning\",\"params\":{},\"status\":\"0\"}','{\"msg\":\"操作成功\",\"code\":200}',0,NULL,'2023-07-24 16:25:49',10),(144,'字典类型',1,'com.ruoyi.system.controller.SysDictTypeController.add()','POST',1,'admin',NULL,'/system/dict/type','127.0.0.1','内网IP','{\"createBy\":\"admin\",\"dictName\":\"是否判断\",\"dictType\":\"mimi_yes_no\",\"params\":{},\"status\":\"0\"}','{\"msg\":\"操作成功\",\"code\":200}',0,NULL,'2023-07-24 16:27:40',13),(145,'字典类型',2,'com.ruoyi.system.controller.SysDictTypeController.edit()','PUT',1,'admin',NULL,'/system/dict/type','127.0.0.1','内网IP','{\"createBy\":\"admin\",\"createTime\":\"2023-07-24 16:24:57\",\"dictId\":100,\"dictName\":\"删除标志\",\"dictType\":\"mimi_default_del\",\"params\":{},\"status\":\"0\",\"updateBy\":\"admin\"}','{\"msg\":\"操作成功\",\"code\":200}',0,NULL,'2023-07-24 16:27:58',17),(146,'字典数据',1,'com.ruoyi.system.controller.SysDictDataController.add()','POST',1,'admin',NULL,'/system/dict/data','127.0.0.1','内网IP','{\"createBy\":\"admin\",\"default\":false,\"dictLabel\":\"否\",\"dictSort\":0,\"dictType\":\"mimi_yes_no\",\"dictValue\":\"0\",\"listClass\":\"danger\",\"params\":{},\"status\":\"0\"}','{\"msg\":\"操作成功\",\"code\":200}',0,NULL,'2023-07-24 16:28:20',12),(147,'字典数据',1,'com.ruoyi.system.controller.SysDictDataController.add()','POST',1,'admin',NULL,'/system/dict/data','127.0.0.1','内网IP','{\"createBy\":\"admin\",\"default\":false,\"dictLabel\":\"是\",\"dictSort\":0,\"dictType\":\"mimi_yes_no\",\"dictValue\":\"1\",\"listClass\":\"success\",\"params\":{},\"status\":\"0\"}','{\"msg\":\"操作成功\",\"code\":200}',0,NULL,'2023-07-24 16:28:28',13),(148,'代码生成',2,'com.ruoyi.generator.controller.GenController.editSave()','PUT',1,'admin',NULL,'/tool/gen','127.0.0.1','内网IP','{\"businessName\":\"category\",\"className\":\"MimiCategory\",\"codeType\":\"1\",\"columns\":[{\"capJavaField\":\"Id\",\"columnComment\":\"分类ID\",\"columnId\":37,\"columnName\":\"id\",\"columnType\":\"int\",\"createBy\":\"admin\",\"createTime\":\"2023-07-24 16:14:45\",\"dictType\":\"\",\"edit\":false,\"htmlType\":\"input\",\"increment\":true,\"insert\":true,\"isIncrement\":\"1\",\"isInsert\":\"1\",\"isPk\":\"1\",\"javaField\":\"id\",\"javaType\":\"Long\",\"list\":false,\"params\":{},\"pk\":true,\"query\":false,\"queryType\":\"EQ\",\"required\":false,\"sort\":1,\"superColumn\":false,\"tableId\":4,\"updateBy\":\"\",\"updateTime\":\"2023-07-24 16:19:48\",\"usableColumn\":false},{\"capJavaField\":\"ParentId\",\"columnComment\":\"所属分类ID\",\"columnId\":38,\"columnName\":\"parent_id\",\"columnType\":\"int\",\"createBy\":\"admin\",\"createTime\":\"2023-07-24 16:14:45\",\"dictType\":\"\",\"edit\":true,\"htmlType\":\"input\",\"increment\":false,\"insert\":true,\"isEdit\":\"1\",\"isIncrement\":\"0\",\"isInsert\":\"1\",\"isList\":\"1\",\"isPk\":\"0\",\"isQuery\":\"1\",\"javaField\":\"parentId\",\"javaType\":\"Long\",\"list\":true,\"params\":{},\"pk\":false,\"query\":true,\"queryType\":\"EQ\",\"required\":false,\"sort\":2,\"superColumn\":true,\"tableId\":4,\"updateBy\":\"\",\"updateTime\":\"2023-07-24 16:19:48\",\"usableColumn\":true},{\"capJavaField\":\"Name\",\"columnComment\":\"分类名称\",\"columnId\":39,\"columnName\":\"name\",\"columnType\":\"varchar(255)\",\"createBy\":\"admin\",\"createTime\":\"2023-07-24 16:14:45\",\"dictType\":\"\",\"edit\":true,\"htmlType\":\"input\",\"increment\":false,\"insert\":true,\"isEdit\":\"1\",\"isIncrement\":\"0\",\"isInsert\":\"1\",\"isList\":\"1\",\"isPk\":\"0\",\"isQuery\":\"1\",\"isRequired\":\"1\",\"javaField\":\"name\",\"javaType\":\"String\",\"list\":true,\"params\":{},\"pk\":false,\"query\":true,\"queryType\":\"LIKE\",\"required\":true,\"sort\":3,\"superColumn\":false,\"tableId\":4,\"updateBy\":\"\",\"updateTime\":\"2023-07-24 16:19:48\",\"usableColumn\":false},{\"capJavaField\":\"Level\",\"columnComment\":\"分类等级\",\"columnId\":40,\"columnName\":\"level\",\"columnType\":\"tinyint\",\"createBy\":\"admin\",\"createTime\":\"2023-07-24 16:14:45\",\"dictType\":\"\",\"edit\":true,\"htmlType\":\"input\",\"increment\":false,\"insert\":true,\"isEdit\":\"1\",\"isIncrement\":\"0\",\"isInsert\":\"1\",\"isLis','{\"msg\":\"操作成功\",\"code\":200}',0,NULL,'2023-07-24 16:28:40',31),(149,'代码生成',2,'com.ruoyi.generator.controller.GenController.editSave()','PUT',1,'admin',NULL,'/tool/gen','127.0.0.1','内网IP','{\"businessName\":\"category\",\"className\":\"MimiCategory\",\"codeType\":\"1\",\"columns\":[{\"capJavaField\":\"Id\",\"columnComment\":\"分类ID\",\"columnId\":37,\"columnName\":\"id\",\"columnType\":\"int\",\"createBy\":\"admin\",\"createTime\":\"2023-07-24 16:14:45\",\"dictType\":\"\",\"edit\":false,\"htmlType\":\"input\",\"increment\":true,\"insert\":true,\"isIncrement\":\"1\",\"isInsert\":\"1\",\"isPk\":\"1\",\"javaField\":\"id\",\"javaType\":\"Long\",\"list\":false,\"params\":{},\"pk\":true,\"query\":false,\"queryType\":\"EQ\",\"required\":false,\"sort\":1,\"superColumn\":false,\"tableId\":4,\"updateBy\":\"\",\"updateTime\":\"2023-07-24 16:28:40\",\"usableColumn\":false},{\"capJavaField\":\"ParentId\",\"columnComment\":\"所属分类ID\",\"columnId\":38,\"columnName\":\"parent_id\",\"columnType\":\"int\",\"createBy\":\"admin\",\"createTime\":\"2023-07-24 16:14:45\",\"dictType\":\"\",\"edit\":true,\"htmlType\":\"input\",\"increment\":false,\"insert\":true,\"isEdit\":\"1\",\"isIncrement\":\"0\",\"isInsert\":\"1\",\"isList\":\"1\",\"isPk\":\"0\",\"isQuery\":\"1\",\"javaField\":\"parentId\",\"javaType\":\"Long\",\"list\":true,\"params\":{},\"pk\":false,\"query\":true,\"queryType\":\"EQ\",\"required\":false,\"sort\":2,\"superColumn\":true,\"tableId\":4,\"updateBy\":\"\",\"updateTime\":\"2023-07-24 16:28:40\",\"usableColumn\":true},{\"capJavaField\":\"Name\",\"columnComment\":\"分类名称\",\"columnId\":39,\"columnName\":\"name\",\"columnType\":\"varchar(255)\",\"createBy\":\"admin\",\"createTime\":\"2023-07-24 16:14:45\",\"dictType\":\"\",\"edit\":true,\"htmlType\":\"input\",\"increment\":false,\"insert\":true,\"isEdit\":\"1\",\"isIncrement\":\"0\",\"isInsert\":\"1\",\"isList\":\"1\",\"isPk\":\"0\",\"isQuery\":\"1\",\"isRequired\":\"1\",\"javaField\":\"name\",\"javaType\":\"String\",\"list\":true,\"params\":{},\"pk\":false,\"query\":true,\"queryType\":\"LIKE\",\"required\":true,\"sort\":3,\"superColumn\":false,\"tableId\":4,\"updateBy\":\"\",\"updateTime\":\"2023-07-24 16:28:40\",\"usableColumn\":false},{\"capJavaField\":\"Level\",\"columnComment\":\"分类等级\",\"columnId\":40,\"columnName\":\"level\",\"columnType\":\"tinyint\",\"createBy\":\"admin\",\"createTime\":\"2023-07-24 16:14:45\",\"dictType\":\"\",\"edit\":true,\"htmlType\":\"input\",\"increment\":false,\"insert\":true,\"isEdit\":\"1\",\"isIncrement\":\"0\",\"isInsert\":\"1\",\"isLis','{\"msg\":\"操作成功\",\"code\":200}',0,NULL,'2023-07-24 16:30:19',29),(150,'代码生成',2,'com.ruoyi.generator.controller.GenController.editSave()','PUT',1,'admin',NULL,'/tool/gen','127.0.0.1','内网IP','{\"businessName\":\"information\",\"className\":\"MimiInformation\",\"codeType\":\"1\",\"columns\":[{\"capJavaField\":\"Id\",\"columnComment\":\"信息ID\",\"columnId\":47,\"columnName\":\"id\",\"columnType\":\"int\",\"createBy\":\"admin\",\"createTime\":\"2023-07-24 16:14:45\",\"dictType\":\"\",\"edit\":false,\"htmlType\":\"input\",\"increment\":true,\"insert\":true,\"isIncrement\":\"1\",\"isInsert\":\"1\",\"isPk\":\"1\",\"javaField\":\"id\",\"javaType\":\"Long\",\"list\":false,\"params\":{},\"pk\":true,\"query\":false,\"queryType\":\"EQ\",\"required\":false,\"sort\":1,\"superColumn\":false,\"tableId\":5,\"updateBy\":\"\",\"updateTime\":\"2023-07-24 16:22:08\",\"usableColumn\":false},{\"capJavaField\":\"Title\",\"columnComment\":\"标题\",\"columnId\":48,\"columnName\":\"title\",\"columnType\":\"varchar(100)\",\"createBy\":\"admin\",\"createTime\":\"2023-07-24 16:14:45\",\"dictType\":\"\",\"edit\":true,\"htmlType\":\"input\",\"increment\":false,\"insert\":true,\"isEdit\":\"1\",\"isIncrement\":\"0\",\"isInsert\":\"1\",\"isList\":\"1\",\"isPk\":\"0\",\"isQuery\":\"1\",\"isRequired\":\"1\",\"javaField\":\"title\",\"javaType\":\"String\",\"list\":true,\"params\":{},\"pk\":false,\"query\":true,\"queryType\":\"EQ\",\"required\":true,\"sort\":2,\"superColumn\":false,\"tableId\":5,\"updateBy\":\"\",\"updateTime\":\"2023-07-24 16:22:08\",\"usableColumn\":false},{\"capJavaField\":\"Content\",\"columnComment\":\"内容\",\"columnId\":49,\"columnName\":\"content\",\"columnType\":\"text\",\"createBy\":\"admin\",\"createTime\":\"2023-07-24 16:14:45\",\"dictType\":\"\",\"edit\":true,\"htmlType\":\"editor\",\"increment\":false,\"insert\":true,\"isEdit\":\"1\",\"isIncrement\":\"0\",\"isInsert\":\"1\",\"isList\":\"1\",\"isPk\":\"0\",\"isQuery\":\"1\",\"isRequired\":\"1\",\"javaField\":\"content\",\"javaType\":\"String\",\"list\":true,\"params\":{},\"pk\":false,\"query\":true,\"queryType\":\"EQ\",\"required\":true,\"sort\":3,\"superColumn\":false,\"tableId\":5,\"updateBy\":\"\",\"updateTime\":\"2023-07-24 16:22:08\",\"usableColumn\":false},{\"capJavaField\":\"Category\",\"columnComment\":\"分类（0为系统，1为公告，2为个人信息）\",\"columnId\":50,\"columnName\":\"category\",\"columnType\":\"tinyint(1)\",\"createBy\":\"admin\",\"createTime\":\"2023-07-24 16:14:45\",\"dictType\":\"\",\"edit\":true,\"htmlType\":\"input\",\"increment\":false,\"insert\":true,\"isEdit\"','{\"msg\":\"操作成功\",\"code\":200}',0,NULL,'2023-07-24 16:32:27',26),(151,'代码生成',2,'com.ruoyi.generator.controller.GenController.editSave()','PUT',1,'admin',NULL,'/tool/gen','127.0.0.1','内网IP','{\"businessName\":\"link\",\"className\":\"MimiLink\",\"codeType\":\"1\",\"columns\":[{\"capJavaField\":\"Id\",\"columnComment\":\"链接ID\",\"columnId\":55,\"columnName\":\"id\",\"columnType\":\"bigint\",\"createBy\":\"admin\",\"createTime\":\"2023-07-24 16:14:45\",\"dictType\":\"\",\"edit\":false,\"htmlType\":\"input\",\"increment\":true,\"insert\":true,\"isIncrement\":\"1\",\"isInsert\":\"1\",\"isPk\":\"1\",\"javaField\":\"id\",\"javaType\":\"Long\",\"list\":false,\"params\":{},\"pk\":true,\"query\":false,\"queryType\":\"EQ\",\"required\":false,\"sort\":1,\"superColumn\":false,\"tableId\":6,\"updateBy\":\"\",\"usableColumn\":false},{\"capJavaField\":\"Title\",\"columnComment\":\"标题\",\"columnId\":56,\"columnName\":\"title\",\"columnType\":\"varchar(255)\",\"createBy\":\"admin\",\"createTime\":\"2023-07-24 16:14:45\",\"dictType\":\"\",\"edit\":true,\"htmlType\":\"input\",\"increment\":false,\"insert\":true,\"isEdit\":\"1\",\"isIncrement\":\"0\",\"isInsert\":\"1\",\"isList\":\"1\",\"isPk\":\"0\",\"isQuery\":\"1\",\"isRequired\":\"1\",\"javaField\":\"title\",\"javaType\":\"String\",\"list\":true,\"params\":{},\"pk\":false,\"query\":true,\"queryType\":\"EQ\",\"required\":true,\"sort\":2,\"superColumn\":false,\"tableId\":6,\"updateBy\":\"\",\"usableColumn\":false},{\"capJavaField\":\"LinkUrl\",\"columnComment\":\"链接地址\",\"columnId\":57,\"columnName\":\"link_url\",\"columnType\":\"varchar(255)\",\"createBy\":\"admin\",\"createTime\":\"2023-07-24 16:14:45\",\"dictType\":\"\",\"edit\":true,\"htmlType\":\"input\",\"increment\":false,\"insert\":true,\"isEdit\":\"1\",\"isIncrement\":\"0\",\"isInsert\":\"1\",\"isList\":\"1\",\"isPk\":\"0\",\"isQuery\":\"1\",\"javaField\":\"linkUrl\",\"javaType\":\"String\",\"list\":true,\"params\":{},\"pk\":false,\"query\":true,\"queryType\":\"EQ\",\"required\":false,\"sort\":3,\"superColumn\":false,\"tableId\":6,\"updateBy\":\"\",\"usableColumn\":false},{\"capJavaField\":\"Detail\",\"columnComment\":\"详情\",\"columnId\":58,\"columnName\":\"detail\",\"columnType\":\"mediumtext\",\"createBy\":\"admin\",\"createTime\":\"2023-07-24 16:14:45\",\"dictType\":\"\",\"edit\":true,\"htmlType\":\"editor\",\"increment\":false,\"insert\":true,\"isEdit\":\"1\",\"isIncrement\":\"0\",\"isInsert\":\"1\",\"isList\":\"1\",\"isPk\":\"0\",\"isQuery\":\"1\",\"javaField\":\"detail\",\"javaType\":\"String\",\"list\":true,\"params\":{},\"p','{\"msg\":\"操作成功\",\"code\":200}',0,NULL,'2023-07-24 16:34:34',30),(152,'代码生成',2,'com.ruoyi.generator.controller.GenController.editSave()','PUT',1,'admin',NULL,'/tool/gen','127.0.0.1','内网IP','{\"businessName\":\"message\",\"className\":\"MimiMessage\",\"codeType\":\"1\",\"columns\":[{\"capJavaField\":\"Id\",\"columnComment\":\"留言ID\",\"columnId\":67,\"columnName\":\"id\",\"columnType\":\"int\",\"createBy\":\"admin\",\"createTime\":\"2023-07-24 16:14:45\",\"dictType\":\"\",\"edit\":false,\"htmlType\":\"input\",\"increment\":true,\"insert\":true,\"isIncrement\":\"1\",\"isInsert\":\"1\",\"isPk\":\"1\",\"javaField\":\"id\",\"javaType\":\"Long\",\"list\":false,\"params\":{},\"pk\":true,\"query\":false,\"queryType\":\"EQ\",\"required\":false,\"sort\":1,\"superColumn\":false,\"tableId\":7,\"updateBy\":\"\",\"usableColumn\":false},{\"capJavaField\":\"Content\",\"columnComment\":\"留言内容\",\"columnId\":68,\"columnName\":\"content\",\"columnType\":\"text\",\"createBy\":\"admin\",\"createTime\":\"2023-07-24 16:14:45\",\"dictType\":\"\",\"edit\":true,\"htmlType\":\"editor\",\"increment\":false,\"insert\":true,\"isEdit\":\"1\",\"isIncrement\":\"0\",\"isInsert\":\"1\",\"isList\":\"1\",\"isPk\":\"0\",\"isQuery\":\"1\",\"isRequired\":\"1\",\"javaField\":\"content\",\"javaType\":\"String\",\"list\":true,\"params\":{},\"pk\":false,\"query\":true,\"queryType\":\"EQ\",\"required\":true,\"sort\":2,\"superColumn\":false,\"tableId\":7,\"updateBy\":\"\",\"usableColumn\":false},{\"capJavaField\":\"Username\",\"columnComment\":\"用户名\",\"columnId\":69,\"columnName\":\"username\",\"columnType\":\"varchar(50)\",\"createBy\":\"admin\",\"createTime\":\"2023-07-24 16:14:45\",\"dictType\":\"\",\"edit\":true,\"htmlType\":\"input\",\"increment\":false,\"insert\":true,\"isEdit\":\"1\",\"isIncrement\":\"0\",\"isInsert\":\"1\",\"isList\":\"1\",\"isPk\":\"0\",\"isQuery\":\"1\",\"isRequired\":\"1\",\"javaField\":\"username\",\"javaType\":\"String\",\"list\":true,\"params\":{},\"pk\":false,\"query\":true,\"queryType\":\"LIKE\",\"required\":true,\"sort\":3,\"superColumn\":false,\"tableId\":7,\"updateBy\":\"\",\"usableColumn\":false},{\"capJavaField\":\"LinkId\",\"columnComment\":\"所属链接ID\",\"columnId\":70,\"columnName\":\"link_id\",\"columnType\":\"int\",\"createBy\":\"admin\",\"createTime\":\"2023-07-24 16:14:45\",\"dictType\":\"\",\"edit\":true,\"htmlType\":\"input\",\"increment\":false,\"insert\":true,\"isEdit\":\"1\",\"isIncrement\":\"0\",\"isInsert\":\"1\",\"isList\":\"1\",\"isPk\":\"0\",\"isQuery\":\"1\",\"isRequired\":\"1\",\"javaField\":\"linkId\",\"javaType\"','{\"msg\":\"操作成功\",\"code\":200}',0,NULL,'2023-07-24 16:35:27',26),(153,'代码生成',2,'com.ruoyi.generator.controller.GenController.editSave()','PUT',1,'admin',NULL,'/tool/gen','127.0.0.1','内网IP','{\"businessName\":\"link\",\"className\":\"MimiLink\",\"codeType\":\"1\",\"columns\":[{\"capJavaField\":\"Id\",\"columnComment\":\"链接ID\",\"columnId\":55,\"columnName\":\"id\",\"columnType\":\"bigint\",\"createBy\":\"admin\",\"createTime\":\"2023-07-24 16:14:45\",\"dictType\":\"\",\"edit\":false,\"htmlType\":\"input\",\"increment\":true,\"insert\":true,\"isIncrement\":\"1\",\"isInsert\":\"1\",\"isPk\":\"1\",\"javaField\":\"id\",\"javaType\":\"Long\",\"list\":false,\"params\":{},\"pk\":true,\"query\":false,\"queryType\":\"EQ\",\"required\":false,\"sort\":1,\"superColumn\":false,\"tableId\":6,\"updateBy\":\"\",\"updateTime\":\"2023-07-24 16:34:34\",\"usableColumn\":false},{\"capJavaField\":\"Title\",\"columnComment\":\"标题\",\"columnId\":56,\"columnName\":\"title\",\"columnType\":\"varchar(255)\",\"createBy\":\"admin\",\"createTime\":\"2023-07-24 16:14:45\",\"dictType\":\"\",\"edit\":true,\"htmlType\":\"input\",\"increment\":false,\"insert\":true,\"isEdit\":\"1\",\"isIncrement\":\"0\",\"isInsert\":\"1\",\"isList\":\"1\",\"isPk\":\"0\",\"isQuery\":\"1\",\"isRequired\":\"1\",\"javaField\":\"title\",\"javaType\":\"String\",\"list\":true,\"params\":{},\"pk\":false,\"query\":true,\"queryType\":\"EQ\",\"required\":true,\"sort\":2,\"superColumn\":false,\"tableId\":6,\"updateBy\":\"\",\"updateTime\":\"2023-07-24 16:34:34\",\"usableColumn\":false},{\"capJavaField\":\"LinkUrl\",\"columnComment\":\"链接地址\",\"columnId\":57,\"columnName\":\"link_url\",\"columnType\":\"varchar(255)\",\"createBy\":\"admin\",\"createTime\":\"2023-07-24 16:14:45\",\"dictType\":\"\",\"edit\":true,\"htmlType\":\"input\",\"increment\":false,\"insert\":true,\"isEdit\":\"1\",\"isIncrement\":\"0\",\"isInsert\":\"1\",\"isList\":\"1\",\"isPk\":\"0\",\"isQuery\":\"1\",\"javaField\":\"linkUrl\",\"javaType\":\"String\",\"list\":true,\"params\":{},\"pk\":false,\"query\":true,\"queryType\":\"EQ\",\"required\":false,\"sort\":3,\"superColumn\":false,\"tableId\":6,\"updateBy\":\"\",\"updateTime\":\"2023-07-24 16:34:34\",\"usableColumn\":false},{\"capJavaField\":\"Detail\",\"columnComment\":\"详情\",\"columnId\":58,\"columnName\":\"detail\",\"columnType\":\"mediumtext\",\"createBy\":\"admin\",\"createTime\":\"2023-07-24 16:14:45\",\"dictType\":\"\",\"edit\":true,\"htmlType\":\"editor\",\"increment\":false,\"insert\":true,\"isEdit\":\"1\",\"isIncrement\":\"0\",\"isInsert\":\"1\",','{\"msg\":\"操作成功\",\"code\":200}',0,NULL,'2023-07-24 16:35:46',32),(154,'代码生成',2,'com.ruoyi.generator.controller.GenController.editSave()','PUT',1,'admin',NULL,'/tool/gen','127.0.0.1','内网IP','{\"businessName\":\"settings\",\"className\":\"MimiSystemSettings\",\"codeType\":\"1\",\"columns\":[{\"capJavaField\":\"Id\",\"columnComment\":\"主键ID\",\"columnId\":75,\"columnName\":\"id\",\"columnType\":\"int\",\"createBy\":\"admin\",\"createTime\":\"2023-07-24 16:14:45\",\"dictType\":\"\",\"edit\":false,\"htmlType\":\"input\",\"increment\":true,\"insert\":true,\"isIncrement\":\"1\",\"isInsert\":\"1\",\"isPk\":\"1\",\"javaField\":\"id\",\"javaType\":\"Long\",\"list\":false,\"params\":{},\"pk\":true,\"query\":false,\"queryType\":\"EQ\",\"required\":false,\"sort\":1,\"superColumn\":false,\"tableId\":8,\"updateBy\":\"\",\"usableColumn\":false},{\"capJavaField\":\"SettingKey\",\"columnComment\":\"设置键\",\"columnId\":76,\"columnName\":\"setting_key\",\"columnType\":\"varchar(255)\",\"createBy\":\"admin\",\"createTime\":\"2023-07-24 16:14:45\",\"dictType\":\"\",\"edit\":true,\"htmlType\":\"input\",\"increment\":false,\"insert\":true,\"isEdit\":\"1\",\"isIncrement\":\"0\",\"isInsert\":\"1\",\"isList\":\"1\",\"isPk\":\"0\",\"isQuery\":\"1\",\"isRequired\":\"1\",\"javaField\":\"settingKey\",\"javaType\":\"String\",\"list\":true,\"params\":{},\"pk\":false,\"query\":true,\"queryType\":\"EQ\",\"required\":true,\"sort\":2,\"superColumn\":false,\"tableId\":8,\"updateBy\":\"\",\"usableColumn\":false},{\"capJavaField\":\"SettingValue\",\"columnComment\":\"设置值\",\"columnId\":77,\"columnName\":\"setting_value\",\"columnType\":\"varchar(255)\",\"createBy\":\"admin\",\"createTime\":\"2023-07-24 16:14:45\",\"dictType\":\"\",\"edit\":true,\"htmlType\":\"input\",\"increment\":false,\"insert\":true,\"isEdit\":\"1\",\"isIncrement\":\"0\",\"isInsert\":\"1\",\"isList\":\"1\",\"isPk\":\"0\",\"isQuery\":\"1\",\"isRequired\":\"1\",\"javaField\":\"settingValue\",\"javaType\":\"String\",\"list\":true,\"params\":{},\"pk\":false,\"query\":true,\"queryType\":\"EQ\",\"required\":true,\"sort\":3,\"superColumn\":false,\"tableId\":8,\"updateBy\":\"\",\"usableColumn\":false},{\"capJavaField\":\"CreateTime\",\"columnComment\":\"创建时间\",\"columnId\":78,\"columnName\":\"create_time\",\"columnType\":\"datetime\",\"createBy\":\"admin\",\"createTime\":\"2023-07-24 16:14:45\",\"dictType\":\"\",\"edit\":false,\"htmlType\":\"datetime\",\"increment\":false,\"insert\":true,\"isIncrement\":\"0\",\"isInsert\":\"1\",\"isPk\":\"0\",\"isRequired\":\"1\",\"javaField\":\"createT','{\"msg\":\"操作成功\",\"code\":200}',0,NULL,'2023-07-24 16:36:20',19),(155,'代码生成',2,'com.ruoyi.generator.controller.GenController.editSave()','PUT',1,'admin',NULL,'/tool/gen','127.0.0.1','内网IP','{\"businessName\":\"message\",\"className\":\"MimiMessage\",\"codeType\":\"1\",\"columns\":[{\"capJavaField\":\"Id\",\"columnComment\":\"留言ID\",\"columnId\":67,\"columnName\":\"id\",\"columnType\":\"int\",\"createBy\":\"admin\",\"createTime\":\"2023-07-24 16:14:45\",\"dictType\":\"\",\"edit\":false,\"htmlType\":\"input\",\"increment\":true,\"insert\":true,\"isIncrement\":\"1\",\"isInsert\":\"1\",\"isPk\":\"1\",\"javaField\":\"id\",\"javaType\":\"Long\",\"list\":false,\"params\":{},\"pk\":true,\"query\":false,\"queryType\":\"EQ\",\"required\":false,\"sort\":1,\"superColumn\":false,\"tableId\":7,\"updateBy\":\"\",\"updateTime\":\"2023-07-24 16:35:27\",\"usableColumn\":false},{\"capJavaField\":\"Content\",\"columnComment\":\"留言内容\",\"columnId\":68,\"columnName\":\"content\",\"columnType\":\"text\",\"createBy\":\"admin\",\"createTime\":\"2023-07-24 16:14:45\",\"dictType\":\"\",\"edit\":true,\"htmlType\":\"editor\",\"increment\":false,\"insert\":true,\"isEdit\":\"1\",\"isIncrement\":\"0\",\"isInsert\":\"1\",\"isList\":\"1\",\"isPk\":\"0\",\"isQuery\":\"1\",\"isRequired\":\"1\",\"javaField\":\"content\",\"javaType\":\"String\",\"list\":true,\"params\":{},\"pk\":false,\"query\":true,\"queryType\":\"EQ\",\"required\":true,\"sort\":2,\"superColumn\":false,\"tableId\":7,\"updateBy\":\"\",\"updateTime\":\"2023-07-24 16:35:27\",\"usableColumn\":false},{\"capJavaField\":\"Username\",\"columnComment\":\"用户名\",\"columnId\":69,\"columnName\":\"username\",\"columnType\":\"varchar(50)\",\"createBy\":\"admin\",\"createTime\":\"2023-07-24 16:14:45\",\"dictType\":\"\",\"edit\":true,\"htmlType\":\"input\",\"increment\":false,\"insert\":true,\"isEdit\":\"1\",\"isIncrement\":\"0\",\"isInsert\":\"1\",\"isList\":\"1\",\"isPk\":\"0\",\"isQuery\":\"1\",\"isRequired\":\"1\",\"javaField\":\"username\",\"javaType\":\"String\",\"list\":true,\"params\":{},\"pk\":false,\"query\":true,\"queryType\":\"LIKE\",\"required\":true,\"sort\":3,\"superColumn\":false,\"tableId\":7,\"updateBy\":\"\",\"updateTime\":\"2023-07-24 16:35:27\",\"usableColumn\":false},{\"capJavaField\":\"LinkId\",\"columnComment\":\"所属链接ID\",\"columnId\":70,\"columnName\":\"link_id\",\"columnType\":\"int\",\"createBy\":\"admin\",\"createTime\":\"2023-07-24 16:14:45\",\"dictType\":\"\",\"edit\":true,\"htmlType\":\"input\",\"increment\":false,\"insert\":true,\"isEdit\":\"1\",\"isIncrement\":','{\"msg\":\"操作成功\",\"code\":200}',0,NULL,'2023-07-24 16:36:27',25),(156,'代码生成',8,'com.ruoyi.generator.controller.GenController.batchGenCode()','GET',1,'admin',NULL,'/tool/gen/batchGenCode','127.0.0.1','内网IP','{\"tables\":\"mimi_category,mimi_information,mimi_link,mimi_message,mimi_system_settings\"}',NULL,0,NULL,'2023-07-24 16:38:07',87),(157,'代码生成',2,'com.ruoyi.generator.controller.GenController.synchDb()','GET',1,'admin',NULL,'/tool/gen/synchDb/mimi_system_settings','127.0.0.1','内网IP','{}','{\"msg\":\"操作成功\",\"code\":200}',0,NULL,'2023-07-24 16:46:07',84),(158,'代码生成',2,'com.ruoyi.generator.controller.GenController.editSave()','PUT',1,'admin',NULL,'/tool/gen','127.0.0.1','内网IP','{\"businessName\":\"settings\",\"className\":\"MimiSystemSettings\",\"codeType\":\"1\",\"columns\":[{\"capJavaField\":\"Id\",\"columnComment\":\"主键ID\",\"columnId\":75,\"columnName\":\"id\",\"columnType\":\"int\",\"createBy\":\"admin\",\"createTime\":\"2023-07-24 16:14:45\",\"dictType\":\"\",\"edit\":false,\"htmlType\":\"input\",\"increment\":true,\"insert\":true,\"isIncrement\":\"1\",\"isInsert\":\"1\",\"isPk\":\"1\",\"javaField\":\"id\",\"javaType\":\"Long\",\"list\":false,\"params\":{},\"pk\":true,\"query\":false,\"queryType\":\"EQ\",\"required\":false,\"sort\":1,\"superColumn\":false,\"tableId\":8,\"updateBy\":\"\",\"updateTime\":\"2023-07-24 16:46:07\",\"usableColumn\":false},{\"capJavaField\":\"SettingKey\",\"columnComment\":\"设置键\",\"columnId\":76,\"columnName\":\"setting_key\",\"columnType\":\"varchar(255)\",\"createBy\":\"admin\",\"createTime\":\"2023-07-24 16:14:45\",\"dictType\":\"\",\"edit\":true,\"htmlType\":\"input\",\"increment\":false,\"insert\":true,\"isEdit\":\"1\",\"isIncrement\":\"0\",\"isInsert\":\"1\",\"isList\":\"1\",\"isPk\":\"0\",\"isQuery\":\"1\",\"isRequired\":\"1\",\"javaField\":\"settingKey\",\"javaType\":\"String\",\"list\":true,\"params\":{},\"pk\":false,\"query\":true,\"queryType\":\"EQ\",\"required\":true,\"sort\":2,\"superColumn\":false,\"tableId\":8,\"updateBy\":\"\",\"updateTime\":\"2023-07-24 16:46:07\",\"usableColumn\":false},{\"capJavaField\":\"SettingValue\",\"columnComment\":\"设置值\",\"columnId\":77,\"columnName\":\"setting_value\",\"columnType\":\"varchar(255)\",\"createBy\":\"admin\",\"createTime\":\"2023-07-24 16:14:45\",\"dictType\":\"\",\"edit\":true,\"htmlType\":\"input\",\"increment\":false,\"insert\":true,\"isEdit\":\"1\",\"isIncrement\":\"0\",\"isInsert\":\"1\",\"isList\":\"1\",\"isPk\":\"0\",\"isQuery\":\"1\",\"isRequired\":\"1\",\"javaField\":\"settingValue\",\"javaType\":\"String\",\"list\":true,\"params\":{},\"pk\":false,\"query\":true,\"queryType\":\"EQ\",\"required\":true,\"sort\":3,\"superColumn\":false,\"tableId\":8,\"updateBy\":\"\",\"updateTime\":\"2023-07-24 16:46:07\",\"usableColumn\":false},{\"capJavaField\":\"CreateTime\",\"columnComment\":\"创建时间\",\"columnId\":78,\"columnName\":\"create_time\",\"columnType\":\"datetime\",\"createBy\":\"admin\",\"createTime\":\"2023-07-24 16:14:45\",\"dictType\":\"\",\"edit\":false,\"htmlType\":\"datetime\",\"increme','{\"msg\":\"操作成功\",\"code\":200}',0,NULL,'2023-07-24 16:47:26',36),(159,'代码生成',8,'com.ruoyi.generator.controller.GenController.batchGenCode()','GET',1,'admin',NULL,'/tool/gen/batchGenCode','127.0.0.1','内网IP','{\"tables\":\"mimi_system_settings\"}',NULL,0,NULL,'2023-07-24 16:47:32',115),(160,'代码生成',2,'com.ruoyi.generator.controller.GenController.synchDb()','GET',1,'admin',NULL,'/tool/gen/synchDb/mimi_system_settings','127.0.0.1','内网IP','{}','{\"msg\":\"操作成功\",\"code\":200}',0,NULL,'2023-07-24 16:52:34',87),(161,'代码生成',2,'com.ruoyi.generator.controller.GenController.editSave()','PUT',1,'admin',NULL,'/tool/gen','127.0.0.1','内网IP','{\"businessName\":\"settings\",\"className\":\"MimiSystemSettings\",\"codeType\":\"1\",\"columns\":[{\"capJavaField\":\"Id\",\"columnComment\":\"主键ID\",\"columnId\":75,\"columnName\":\"id\",\"columnType\":\"int\",\"createBy\":\"admin\",\"createTime\":\"2023-07-24 16:14:45\",\"dictType\":\"\",\"edit\":false,\"htmlType\":\"input\",\"increment\":true,\"insert\":true,\"isIncrement\":\"1\",\"isInsert\":\"1\",\"isPk\":\"1\",\"javaField\":\"id\",\"javaType\":\"Long\",\"list\":false,\"params\":{},\"pk\":true,\"query\":false,\"queryType\":\"EQ\",\"required\":false,\"sort\":1,\"superColumn\":false,\"tableId\":8,\"updateBy\":\"\",\"updateTime\":\"2023-07-24 16:52:34\",\"usableColumn\":false},{\"capJavaField\":\"SettingKey\",\"columnComment\":\"设置键\",\"columnId\":76,\"columnName\":\"setting_key\",\"columnType\":\"varchar(255)\",\"createBy\":\"admin\",\"createTime\":\"2023-07-24 16:14:45\",\"dictType\":\"\",\"edit\":true,\"htmlType\":\"input\",\"increment\":false,\"insert\":true,\"isEdit\":\"1\",\"isIncrement\":\"0\",\"isInsert\":\"1\",\"isList\":\"1\",\"isPk\":\"0\",\"isQuery\":\"1\",\"isRequired\":\"1\",\"javaField\":\"settingKey\",\"javaType\":\"String\",\"list\":true,\"params\":{},\"pk\":false,\"query\":true,\"queryType\":\"EQ\",\"required\":true,\"sort\":2,\"superColumn\":false,\"tableId\":8,\"updateBy\":\"\",\"updateTime\":\"2023-07-24 16:52:34\",\"usableColumn\":false},{\"capJavaField\":\"SettingValue\",\"columnComment\":\"设置值\",\"columnId\":77,\"columnName\":\"setting_value\",\"columnType\":\"varchar(255)\",\"createBy\":\"admin\",\"createTime\":\"2023-07-24 16:14:45\",\"dictType\":\"\",\"edit\":true,\"htmlType\":\"input\",\"increment\":false,\"insert\":true,\"isEdit\":\"1\",\"isIncrement\":\"0\",\"isInsert\":\"1\",\"isList\":\"1\",\"isPk\":\"0\",\"isQuery\":\"1\",\"isRequired\":\"1\",\"javaField\":\"settingValue\",\"javaType\":\"String\",\"list\":true,\"params\":{},\"pk\":false,\"query\":true,\"queryType\":\"EQ\",\"required\":true,\"sort\":3,\"superColumn\":false,\"tableId\":8,\"updateBy\":\"\",\"updateTime\":\"2023-07-24 16:52:34\",\"usableColumn\":false},{\"capJavaField\":\"CreateBy\",\"columnComment\":\"创建者\",\"columnId\":82,\"columnName\":\"create_by\",\"columnType\":\"varchar(255)\",\"createBy\":\"\",\"createTime\":\"2023-07-24 16:52:34\",\"dictType\":\"\",\"edit\":false,\"htmlType\":\"input\",\"increment\":false','{\"msg\":\"操作成功\",\"code\":200}',0,NULL,'2023-07-24 16:53:23',44),(162,'代码生成',8,'com.ruoyi.generator.controller.GenController.batchGenCode()','GET',1,'admin',NULL,'/tool/gen/batchGenCode','127.0.0.1','内网IP','{\"tables\":\"mimi_system_settings\"}',NULL,0,NULL,'2023-07-24 16:53:28',111),(163,'代码生成',2,'com.ruoyi.generator.controller.GenController.synchDb()','GET',1,'admin',NULL,'/tool/gen/synchDb/mimi_system_settings','127.0.0.1','内网IP','{}','{\"msg\":\"操作成功\",\"code\":200}',0,NULL,'2023-07-24 16:56:44',98),(164,'代码生成',2,'com.ruoyi.generator.controller.GenController.editSave()','PUT',1,'admin',NULL,'/tool/gen','127.0.0.1','内网IP','{\"businessName\":\"settings\",\"className\":\"MimiSystemSettings\",\"codeType\":\"1\",\"columns\":[{\"capJavaField\":\"Id\",\"columnComment\":\"主键ID\",\"columnId\":75,\"columnName\":\"id\",\"columnType\":\"int\",\"createBy\":\"admin\",\"createTime\":\"2023-07-24 16:14:45\",\"dictType\":\"\",\"edit\":false,\"htmlType\":\"input\",\"increment\":true,\"insert\":true,\"isIncrement\":\"1\",\"isInsert\":\"1\",\"isPk\":\"1\",\"javaField\":\"id\",\"javaType\":\"Long\",\"list\":false,\"params\":{},\"pk\":true,\"query\":false,\"queryType\":\"EQ\",\"required\":false,\"sort\":1,\"superColumn\":false,\"tableId\":8,\"updateBy\":\"\",\"updateTime\":\"2023-07-24 16:56:44\",\"usableColumn\":false},{\"capJavaField\":\"SettingKey\",\"columnComment\":\"设置键\",\"columnId\":76,\"columnName\":\"setting_key\",\"columnType\":\"varchar(255)\",\"createBy\":\"admin\",\"createTime\":\"2023-07-24 16:14:45\",\"dictType\":\"\",\"edit\":true,\"htmlType\":\"input\",\"increment\":false,\"insert\":true,\"isEdit\":\"1\",\"isIncrement\":\"0\",\"isInsert\":\"1\",\"isList\":\"1\",\"isPk\":\"0\",\"isQuery\":\"1\",\"isRequired\":\"1\",\"javaField\":\"settingKey\",\"javaType\":\"String\",\"list\":true,\"params\":{},\"pk\":false,\"query\":true,\"queryType\":\"EQ\",\"required\":true,\"sort\":2,\"superColumn\":false,\"tableId\":8,\"updateBy\":\"\",\"updateTime\":\"2023-07-24 16:56:44\",\"usableColumn\":false},{\"capJavaField\":\"SettingValue\",\"columnComment\":\"设置值\",\"columnId\":77,\"columnName\":\"setting_value\",\"columnType\":\"varchar(255)\",\"createBy\":\"admin\",\"createTime\":\"2023-07-24 16:14:45\",\"dictType\":\"\",\"edit\":true,\"htmlType\":\"input\",\"increment\":false,\"insert\":true,\"isEdit\":\"1\",\"isIncrement\":\"0\",\"isInsert\":\"1\",\"isList\":\"1\",\"isPk\":\"0\",\"isQuery\":\"1\",\"isRequired\":\"1\",\"javaField\":\"settingValue\",\"javaType\":\"String\",\"list\":true,\"params\":{},\"pk\":false,\"query\":true,\"queryType\":\"EQ\",\"required\":true,\"sort\":3,\"superColumn\":false,\"tableId\":8,\"updateBy\":\"\",\"updateTime\":\"2023-07-24 16:56:44\",\"usableColumn\":false},{\"capJavaField\":\"CreateBy\",\"columnComment\":\"创建者\",\"columnId\":82,\"columnName\":\"create_by\",\"columnType\":\"varchar(255)\",\"createBy\":\"\",\"createTime\":\"2023-07-24 16:52:34\",\"dictType\":\"\",\"edit\":false,\"htmlType\":\"input\",\"increment\":false','{\"msg\":\"操作成功\",\"code\":200}',0,NULL,'2023-07-24 16:57:07',123),(165,'代码生成',8,'com.ruoyi.generator.controller.GenController.batchGenCode()','GET',1,'admin',NULL,'/tool/gen/batchGenCode','127.0.0.1','内网IP','{\"tables\":\"mimi_system_settings\"}',NULL,0,NULL,'2023-07-24 16:57:11',23),(166,'系统设置',1,'com.ruoyi.mimi.controller.MimiSystemSettingsController.add()','POST',1,'admin',NULL,'/mimi/settings','127.0.0.1','内网IP','{\"createBy\":\"admin\",\"createTime\":\"2023-07-24 16:59:38\",\"delFlag\":0,\"id\":21,\"params\":{},\"remark\":\"test\",\"settingKey\":\"test\",\"settingValue\":\"v1\",\"updateBy\":\"admin\",\"updateTime\":\"2023-07-24 16:59:38\"}','{\"msg\":\"操作成功\",\"code\":200}',0,NULL,'2023-07-24 16:59:38',27),(167,'系统设置',3,'com.ruoyi.mimi.controller.MimiSystemSettingsController.remove()','DELETE',1,'admin',NULL,'/mimi/settings/21','127.0.0.1','内网IP','{}','{\"msg\":\"操作成功\",\"code\":200}',0,NULL,'2023-07-24 17:00:03',28),(168,'代码生成',2,'com.ruoyi.generator.controller.GenController.editSave()','PUT',1,'admin',NULL,'/tool/gen','127.0.0.1','内网IP','{\"businessName\":\"settings\",\"className\":\"MimiSystemSettings\",\"codeType\":\"1\",\"columns\":[{\"capJavaField\":\"Id\",\"columnComment\":\"主键ID\",\"columnId\":75,\"columnName\":\"id\",\"columnType\":\"int\",\"createBy\":\"admin\",\"createTime\":\"2023-07-24 16:14:45\",\"dictType\":\"\",\"edit\":false,\"htmlType\":\"input\",\"increment\":true,\"insert\":true,\"isIncrement\":\"1\",\"isInsert\":\"1\",\"isPk\":\"1\",\"javaField\":\"id\",\"javaType\":\"Long\",\"list\":false,\"params\":{},\"pk\":true,\"query\":false,\"queryType\":\"EQ\",\"required\":false,\"sort\":1,\"superColumn\":false,\"tableId\":8,\"updateBy\":\"\",\"updateTime\":\"2023-07-24 16:57:07\",\"usableColumn\":false},{\"capJavaField\":\"SettingKey\",\"columnComment\":\"设置键\",\"columnId\":76,\"columnName\":\"setting_key\",\"columnType\":\"varchar(255)\",\"createBy\":\"admin\",\"createTime\":\"2023-07-24 16:14:45\",\"dictType\":\"\",\"edit\":true,\"htmlType\":\"input\",\"increment\":false,\"insert\":true,\"isEdit\":\"1\",\"isIncrement\":\"0\",\"isInsert\":\"1\",\"isList\":\"1\",\"isPk\":\"0\",\"isQuery\":\"1\",\"isRequired\":\"1\",\"javaField\":\"settingKey\",\"javaType\":\"String\",\"list\":true,\"params\":{},\"pk\":false,\"query\":true,\"queryType\":\"EQ\",\"required\":true,\"sort\":2,\"superColumn\":false,\"tableId\":8,\"updateBy\":\"\",\"updateTime\":\"2023-07-24 16:57:07\",\"usableColumn\":false},{\"capJavaField\":\"SettingValue\",\"columnComment\":\"设置值\",\"columnId\":77,\"columnName\":\"setting_value\",\"columnType\":\"varchar(255)\",\"createBy\":\"admin\",\"createTime\":\"2023-07-24 16:14:45\",\"dictType\":\"\",\"edit\":true,\"htmlType\":\"input\",\"increment\":false,\"insert\":true,\"isEdit\":\"1\",\"isIncrement\":\"0\",\"isInsert\":\"1\",\"isList\":\"1\",\"isPk\":\"0\",\"isQuery\":\"1\",\"isRequired\":\"1\",\"javaField\":\"settingValue\",\"javaType\":\"String\",\"list\":true,\"params\":{},\"pk\":false,\"query\":true,\"queryType\":\"EQ\",\"required\":true,\"sort\":3,\"superColumn\":false,\"tableId\":8,\"updateBy\":\"\",\"updateTime\":\"2023-07-24 16:57:07\",\"usableColumn\":false},{\"capJavaField\":\"CreateBy\",\"columnComment\":\"创建者\",\"columnId\":82,\"columnName\":\"create_by\",\"columnType\":\"varchar(255)\",\"createBy\":\"\",\"createTime\":\"2023-07-24 16:52:34\",\"dictType\":\"\",\"edit\":false,\"htmlType\":\"input\",\"increment\":false','{\"msg\":\"操作成功\",\"code\":200}',0,NULL,'2023-07-24 17:00:38',49),(169,'代码生成',2,'com.ruoyi.generator.controller.GenController.editSave()','PUT',1,'admin',NULL,'/tool/gen','127.0.0.1','内网IP','{\"businessName\":\"settings\",\"className\":\"MimiSystemSettings\",\"codeType\":\"1\",\"columns\":[{\"capJavaField\":\"Id\",\"columnComment\":\"主键ID\",\"columnId\":75,\"columnName\":\"id\",\"columnType\":\"int\",\"createBy\":\"admin\",\"createTime\":\"2023-07-24 16:14:45\",\"dictType\":\"\",\"edit\":false,\"htmlType\":\"input\",\"increment\":true,\"insert\":true,\"isIncrement\":\"1\",\"isInsert\":\"1\",\"isPk\":\"1\",\"javaField\":\"id\",\"javaType\":\"Long\",\"list\":false,\"params\":{},\"pk\":true,\"query\":false,\"queryType\":\"EQ\",\"required\":false,\"sort\":1,\"superColumn\":false,\"tableId\":8,\"updateBy\":\"\",\"updateTime\":\"2023-07-24 17:00:38\",\"usableColumn\":false},{\"capJavaField\":\"SettingKey\",\"columnComment\":\"设置键\",\"columnId\":76,\"columnName\":\"setting_key\",\"columnType\":\"varchar(255)\",\"createBy\":\"admin\",\"createTime\":\"2023-07-24 16:14:45\",\"dictType\":\"\",\"edit\":true,\"htmlType\":\"input\",\"increment\":false,\"insert\":true,\"isEdit\":\"1\",\"isIncrement\":\"0\",\"isInsert\":\"1\",\"isList\":\"1\",\"isPk\":\"0\",\"isQuery\":\"1\",\"isRequired\":\"1\",\"javaField\":\"settingKey\",\"javaType\":\"String\",\"list\":true,\"params\":{},\"pk\":false,\"query\":true,\"queryType\":\"EQ\",\"required\":true,\"sort\":2,\"superColumn\":false,\"tableId\":8,\"updateBy\":\"\",\"updateTime\":\"2023-07-24 17:00:38\",\"usableColumn\":false},{\"capJavaField\":\"SettingValue\",\"columnComment\":\"设置值\",\"columnId\":77,\"columnName\":\"setting_value\",\"columnType\":\"varchar(255)\",\"createBy\":\"admin\",\"createTime\":\"2023-07-24 16:14:45\",\"dictType\":\"\",\"edit\":true,\"htmlType\":\"input\",\"increment\":false,\"insert\":true,\"isEdit\":\"1\",\"isIncrement\":\"0\",\"isInsert\":\"1\",\"isList\":\"1\",\"isPk\":\"0\",\"isQuery\":\"1\",\"isRequired\":\"1\",\"javaField\":\"settingValue\",\"javaType\":\"String\",\"list\":true,\"params\":{},\"pk\":false,\"query\":true,\"queryType\":\"EQ\",\"required\":true,\"sort\":3,\"superColumn\":false,\"tableId\":8,\"updateBy\":\"\",\"updateTime\":\"2023-07-24 17:00:38\",\"usableColumn\":false},{\"capJavaField\":\"CreateBy\",\"columnComment\":\"创建者\",\"columnId\":82,\"columnName\":\"create_by\",\"columnType\":\"varchar(255)\",\"createBy\":\"\",\"createTime\":\"2023-07-24 16:52:34\",\"dictType\":\"\",\"edit\":false,\"htmlType\":\"input\",\"increment\":false','{\"msg\":\"操作成功\",\"code\":200}',0,NULL,'2023-07-24 17:01:06',37),(170,'代码生成',2,'com.ruoyi.generator.controller.GenController.editSave()','PUT',1,'admin',NULL,'/tool/gen','127.0.0.1','内网IP','{\"businessName\":\"settings\",\"className\":\"MimiSystemSettings\",\"codeType\":\"1\",\"columns\":[{\"capJavaField\":\"Id\",\"columnComment\":\"主键ID\",\"columnId\":75,\"columnName\":\"id\",\"columnType\":\"int\",\"createBy\":\"admin\",\"createTime\":\"2023-07-24 16:14:45\",\"dictType\":\"\",\"edit\":false,\"htmlType\":\"input\",\"increment\":true,\"insert\":true,\"isIncrement\":\"1\",\"isInsert\":\"1\",\"isPk\":\"1\",\"javaField\":\"id\",\"javaType\":\"Long\",\"list\":false,\"params\":{},\"pk\":true,\"query\":false,\"queryType\":\"EQ\",\"required\":false,\"sort\":1,\"superColumn\":false,\"tableId\":8,\"updateBy\":\"\",\"updateTime\":\"2023-07-24 17:01:06\",\"usableColumn\":false},{\"capJavaField\":\"SettingKey\",\"columnComment\":\"设置键\",\"columnId\":76,\"columnName\":\"setting_key\",\"columnType\":\"varchar(255)\",\"createBy\":\"admin\",\"createTime\":\"2023-07-24 16:14:45\",\"dictType\":\"\",\"edit\":true,\"htmlType\":\"input\",\"increment\":false,\"insert\":true,\"isEdit\":\"1\",\"isIncrement\":\"0\",\"isInsert\":\"1\",\"isList\":\"1\",\"isPk\":\"0\",\"isQuery\":\"1\",\"isRequired\":\"1\",\"javaField\":\"settingKey\",\"javaType\":\"String\",\"list\":true,\"params\":{},\"pk\":false,\"query\":true,\"queryType\":\"EQ\",\"required\":true,\"sort\":2,\"superColumn\":false,\"tableId\":8,\"updateBy\":\"\",\"updateTime\":\"2023-07-24 17:01:06\",\"usableColumn\":false},{\"capJavaField\":\"SettingValue\",\"columnComment\":\"设置值\",\"columnId\":77,\"columnName\":\"setting_value\",\"columnType\":\"varchar(255)\",\"createBy\":\"admin\",\"createTime\":\"2023-07-24 16:14:45\",\"dictType\":\"\",\"edit\":true,\"htmlType\":\"input\",\"increment\":false,\"insert\":true,\"isEdit\":\"1\",\"isIncrement\":\"0\",\"isInsert\":\"1\",\"isList\":\"1\",\"isPk\":\"0\",\"isQuery\":\"1\",\"isRequired\":\"1\",\"javaField\":\"settingValue\",\"javaType\":\"String\",\"list\":true,\"params\":{},\"pk\":false,\"query\":true,\"queryType\":\"EQ\",\"required\":true,\"sort\":3,\"superColumn\":false,\"tableId\":8,\"updateBy\":\"\",\"updateTime\":\"2023-07-24 17:01:06\",\"usableColumn\":false},{\"capJavaField\":\"CreateBy\",\"columnComment\":\"创建者\",\"columnId\":82,\"columnName\":\"create_by\",\"columnType\":\"varchar(255)\",\"createBy\":\"\",\"createTime\":\"2023-07-24 16:52:34\",\"dictType\":\"\",\"edit\":false,\"htmlType\":\"input\",\"increment\":false','{\"msg\":\"操作成功\",\"code\":200}',0,NULL,'2023-07-24 17:01:22',36),(171,'代码生成',3,'com.ruoyi.generator.controller.GenController.remove()','DELETE',1,'admin',NULL,'/tool/gen/1,2,3','127.0.0.1','内网IP','{}','{\"msg\":\"操作成功\",\"code\":200}',0,NULL,'2023-07-24 17:22:50',20),(172,'代码生成',3,'com.ruoyi.generator.controller.GenController.remove()','DELETE',1,'admin',NULL,'/tool/gen/4,5,6,7,8','127.0.0.1','内网IP','{}','{\"msg\":\"操作成功\",\"code\":200}',0,NULL,'2023-07-24 17:22:53',11),(173,'代码生成',6,'com.ruoyi.generator.controller.GenController.importTableSave()','POST',1,'admin',NULL,'/tool/gen/importTable','127.0.0.1','内网IP','\"mimi_system_settings,mimi_message,mimi_link,mimi_information,mimi_category\"','{\"msg\":\"操作成功\",\"code\":200}',0,NULL,'2023-07-24 17:23:22',121),(174,'代码生成',2,'com.ruoyi.generator.controller.GenController.editSave()','PUT',1,'admin',NULL,'/tool/gen','127.0.0.1','内网IP','{\"businessName\":\"category\",\"className\":\"MimiCategory\",\"codeType\":\"1\",\"columns\":[{\"capJavaField\":\"Id\",\"columnComment\":\"分类ID\",\"columnId\":85,\"columnName\":\"id\",\"columnType\":\"int\",\"createBy\":\"admin\",\"createTime\":\"2023-07-24 17:23:22\",\"dictType\":\"\",\"edit\":false,\"htmlType\":\"input\",\"increment\":true,\"insert\":true,\"isIncrement\":\"1\",\"isInsert\":\"1\",\"isPk\":\"1\",\"javaField\":\"id\",\"javaType\":\"Long\",\"list\":false,\"params\":{},\"pk\":true,\"query\":false,\"queryType\":\"EQ\",\"required\":false,\"sort\":1,\"superColumn\":false,\"tableId\":9,\"updateBy\":\"\",\"usableColumn\":false},{\"capJavaField\":\"ParentId\",\"columnComment\":\"所属分类ID\",\"columnId\":86,\"columnName\":\"parent_id\",\"columnType\":\"int\",\"createBy\":\"admin\",\"createTime\":\"2023-07-24 17:23:22\",\"dictType\":\"\",\"edit\":true,\"htmlType\":\"input\",\"increment\":false,\"insert\":true,\"isEdit\":\"1\",\"isIncrement\":\"0\",\"isInsert\":\"1\",\"isList\":\"1\",\"isPk\":\"0\",\"isQuery\":\"1\",\"javaField\":\"parentId\",\"javaType\":\"Long\",\"list\":true,\"params\":{},\"pk\":false,\"query\":true,\"queryType\":\"EQ\",\"required\":false,\"sort\":2,\"superColumn\":true,\"tableId\":9,\"updateBy\":\"\",\"usableColumn\":true},{\"capJavaField\":\"Name\",\"columnComment\":\"分类名称\",\"columnId\":87,\"columnName\":\"name\",\"columnType\":\"varchar(255)\",\"createBy\":\"admin\",\"createTime\":\"2023-07-24 17:23:22\",\"dictType\":\"\",\"edit\":true,\"htmlType\":\"input\",\"increment\":false,\"insert\":true,\"isEdit\":\"1\",\"isIncrement\":\"0\",\"isInsert\":\"1\",\"isList\":\"1\",\"isPk\":\"0\",\"isQuery\":\"1\",\"isRequired\":\"1\",\"javaField\":\"name\",\"javaType\":\"String\",\"list\":true,\"params\":{},\"pk\":false,\"query\":true,\"queryType\":\"LIKE\",\"required\":true,\"sort\":3,\"superColumn\":false,\"tableId\":9,\"updateBy\":\"\",\"usableColumn\":false},{\"capJavaField\":\"Ancestors\",\"columnComment\":\"祖级列表\",\"columnId\":88,\"columnName\":\"ancestors\",\"columnType\":\"varchar(255)\",\"createBy\":\"admin\",\"createTime\":\"2023-07-24 17:23:22\",\"dictType\":\"\",\"edit\":true,\"htmlType\":\"input\",\"increment\":false,\"insert\":true,\"isEdit\":\"1\",\"isIncrement\":\"0\",\"isInsert\":\"1\",\"isList\":\"1\",\"isPk\":\"0\",\"isQuery\":\"1\",\"isRequired\":\"1\",\"javaField\":\"ancestors\",\"javaType\":\"String\"','{\"msg\":\"操作成功\",\"code\":200}',0,NULL,'2023-07-24 17:24:32',35),(175,'代码生成',2,'com.ruoyi.generator.controller.GenController.editSave()','PUT',1,'admin',NULL,'/tool/gen','127.0.0.1','内网IP','{\"businessName\":\"information\",\"className\":\"MimiInformation\",\"codeType\":\"1\",\"columns\":[{\"capJavaField\":\"Id\",\"columnComment\":\"信息ID\",\"columnId\":98,\"columnName\":\"id\",\"columnType\":\"int\",\"createBy\":\"admin\",\"createTime\":\"2023-07-24 17:23:22\",\"dictType\":\"\",\"edit\":false,\"htmlType\":\"input\",\"increment\":true,\"insert\":true,\"isIncrement\":\"1\",\"isInsert\":\"1\",\"isPk\":\"1\",\"javaField\":\"id\",\"javaType\":\"Long\",\"list\":false,\"params\":{},\"pk\":true,\"query\":false,\"queryType\":\"EQ\",\"required\":false,\"sort\":1,\"superColumn\":false,\"tableId\":10,\"updateBy\":\"\",\"usableColumn\":false},{\"capJavaField\":\"Title\",\"columnComment\":\"标题\",\"columnId\":99,\"columnName\":\"title\",\"columnType\":\"varchar(100)\",\"createBy\":\"admin\",\"createTime\":\"2023-07-24 17:23:22\",\"dictType\":\"\",\"edit\":true,\"htmlType\":\"input\",\"increment\":false,\"insert\":true,\"isEdit\":\"1\",\"isIncrement\":\"0\",\"isInsert\":\"1\",\"isList\":\"1\",\"isPk\":\"0\",\"isQuery\":\"1\",\"isRequired\":\"1\",\"javaField\":\"title\",\"javaType\":\"String\",\"list\":true,\"params\":{},\"pk\":false,\"query\":true,\"queryType\":\"EQ\",\"required\":true,\"sort\":2,\"superColumn\":false,\"tableId\":10,\"updateBy\":\"\",\"usableColumn\":false},{\"capJavaField\":\"Content\",\"columnComment\":\"内容\",\"columnId\":100,\"columnName\":\"content\",\"columnType\":\"text\",\"createBy\":\"admin\",\"createTime\":\"2023-07-24 17:23:22\",\"dictType\":\"\",\"edit\":true,\"htmlType\":\"editor\",\"increment\":false,\"insert\":true,\"isEdit\":\"1\",\"isIncrement\":\"0\",\"isInsert\":\"1\",\"isList\":\"1\",\"isPk\":\"0\",\"isQuery\":\"1\",\"isRequired\":\"1\",\"javaField\":\"content\",\"javaType\":\"String\",\"list\":true,\"params\":{},\"pk\":false,\"query\":true,\"queryType\":\"EQ\",\"required\":true,\"sort\":3,\"superColumn\":false,\"tableId\":10,\"updateBy\":\"\",\"usableColumn\":false},{\"capJavaField\":\"Category\",\"columnComment\":\"分类（0为系统，1为公告，2为个人信息）\",\"columnId\":101,\"columnName\":\"category\",\"columnType\":\"tinyint(1)\",\"createBy\":\"admin\",\"createTime\":\"2023-07-24 17:23:22\",\"dictType\":\"\",\"edit\":true,\"htmlType\":\"input\",\"increment\":false,\"insert\":true,\"isEdit\":\"1\",\"isIncrement\":\"0\",\"isInsert\":\"1\",\"isList\":\"1\",\"isPk\":\"0\",\"isQuery\":\"1\",\"isRequired\":\"1\",\"javaFi','{\"msg\":\"操作成功\",\"code\":200}',0,NULL,'2023-07-24 17:24:59',32),(176,'代码生成',2,'com.ruoyi.generator.controller.GenController.editSave()','PUT',1,'admin',NULL,'/tool/gen','127.0.0.1','内网IP','{\"businessName\":\"link\",\"className\":\"MimiLink\",\"codeType\":\"1\",\"columns\":[{\"capJavaField\":\"Id\",\"columnComment\":\"链接ID\",\"columnId\":109,\"columnName\":\"id\",\"columnType\":\"bigint\",\"createBy\":\"admin\",\"createTime\":\"2023-07-24 17:23:22\",\"dictType\":\"\",\"edit\":false,\"htmlType\":\"input\",\"increment\":true,\"insert\":true,\"isIncrement\":\"1\",\"isInsert\":\"1\",\"isPk\":\"1\",\"javaField\":\"id\",\"javaType\":\"Long\",\"list\":false,\"params\":{},\"pk\":true,\"query\":false,\"queryType\":\"EQ\",\"required\":false,\"sort\":1,\"superColumn\":false,\"tableId\":11,\"updateBy\":\"\",\"usableColumn\":false},{\"capJavaField\":\"Title\",\"columnComment\":\"标题\",\"columnId\":110,\"columnName\":\"title\",\"columnType\":\"varchar(255)\",\"createBy\":\"admin\",\"createTime\":\"2023-07-24 17:23:22\",\"dictType\":\"\",\"edit\":true,\"htmlType\":\"input\",\"increment\":false,\"insert\":true,\"isEdit\":\"1\",\"isIncrement\":\"0\",\"isInsert\":\"1\",\"isList\":\"1\",\"isPk\":\"0\",\"isQuery\":\"1\",\"isRequired\":\"1\",\"javaField\":\"title\",\"javaType\":\"String\",\"list\":true,\"params\":{},\"pk\":false,\"query\":true,\"queryType\":\"EQ\",\"required\":true,\"sort\":2,\"superColumn\":false,\"tableId\":11,\"updateBy\":\"\",\"usableColumn\":false},{\"capJavaField\":\"LinkUrl\",\"columnComment\":\"链接地址\",\"columnId\":111,\"columnName\":\"link_url\",\"columnType\":\"varchar(255)\",\"createBy\":\"admin\",\"createTime\":\"2023-07-24 17:23:22\",\"dictType\":\"\",\"edit\":true,\"htmlType\":\"input\",\"increment\":false,\"insert\":true,\"isEdit\":\"1\",\"isIncrement\":\"0\",\"isInsert\":\"1\",\"isList\":\"1\",\"isPk\":\"0\",\"isQuery\":\"1\",\"javaField\":\"linkUrl\",\"javaType\":\"String\",\"list\":true,\"params\":{},\"pk\":false,\"query\":true,\"queryType\":\"EQ\",\"required\":false,\"sort\":3,\"superColumn\":false,\"tableId\":11,\"updateBy\":\"\",\"usableColumn\":false},{\"capJavaField\":\"Detail\",\"columnComment\":\"详情\",\"columnId\":112,\"columnName\":\"detail\",\"columnType\":\"mediumtext\",\"createBy\":\"admin\",\"createTime\":\"2023-07-24 17:23:22\",\"dictType\":\"\",\"edit\":true,\"htmlType\":\"textarea\",\"increment\":false,\"insert\":true,\"isEdit\":\"1\",\"isIncrement\":\"0\",\"isInsert\":\"1\",\"isList\":\"1\",\"isPk\":\"0\",\"isQuery\":\"1\",\"javaField\":\"detail\",\"javaType\":\"String\",\"list\":true,\"para','{\"msg\":\"操作成功\",\"code\":200}',0,NULL,'2023-07-24 17:25:40',67),(177,'代码生成',2,'com.ruoyi.generator.controller.GenController.editSave()','PUT',1,'admin',NULL,'/tool/gen','127.0.0.1','内网IP','{\"businessName\":\"message\",\"className\":\"MimiMessage\",\"codeType\":\"1\",\"columns\":[{\"capJavaField\":\"Id\",\"columnComment\":\"留言ID\",\"columnId\":124,\"columnName\":\"id\",\"columnType\":\"int\",\"createBy\":\"admin\",\"createTime\":\"2023-07-24 17:23:22\",\"dictType\":\"\",\"edit\":false,\"htmlType\":\"input\",\"increment\":true,\"insert\":true,\"isIncrement\":\"1\",\"isInsert\":\"1\",\"isPk\":\"1\",\"javaField\":\"id\",\"javaType\":\"Long\",\"list\":false,\"params\":{},\"pk\":true,\"query\":false,\"queryType\":\"EQ\",\"required\":false,\"sort\":1,\"superColumn\":false,\"tableId\":12,\"updateBy\":\"\",\"usableColumn\":false},{\"capJavaField\":\"Content\",\"columnComment\":\"留言内容\",\"columnId\":125,\"columnName\":\"content\",\"columnType\":\"text\",\"createBy\":\"admin\",\"createTime\":\"2023-07-24 17:23:22\",\"dictType\":\"\",\"edit\":true,\"htmlType\":\"editor\",\"increment\":false,\"insert\":true,\"isEdit\":\"1\",\"isIncrement\":\"0\",\"isInsert\":\"1\",\"isList\":\"1\",\"isPk\":\"0\",\"isQuery\":\"1\",\"isRequired\":\"1\",\"javaField\":\"content\",\"javaType\":\"String\",\"list\":true,\"params\":{},\"pk\":false,\"query\":true,\"queryType\":\"EQ\",\"required\":true,\"sort\":2,\"superColumn\":false,\"tableId\":12,\"updateBy\":\"\",\"usableColumn\":false},{\"capJavaField\":\"Username\",\"columnComment\":\"用户名\",\"columnId\":126,\"columnName\":\"username\",\"columnType\":\"varchar(50)\",\"createBy\":\"admin\",\"createTime\":\"2023-07-24 17:23:22\",\"dictType\":\"\",\"edit\":true,\"htmlType\":\"input\",\"increment\":false,\"insert\":true,\"isEdit\":\"1\",\"isIncrement\":\"0\",\"isInsert\":\"1\",\"isList\":\"1\",\"isPk\":\"0\",\"isQuery\":\"1\",\"isRequired\":\"1\",\"javaField\":\"username\",\"javaType\":\"String\",\"list\":true,\"params\":{},\"pk\":false,\"query\":true,\"queryType\":\"LIKE\",\"required\":true,\"sort\":3,\"superColumn\":false,\"tableId\":12,\"updateBy\":\"\",\"usableColumn\":false},{\"capJavaField\":\"LinkId\",\"columnComment\":\"所属链接ID\",\"columnId\":127,\"columnName\":\"link_id\",\"columnType\":\"int\",\"createBy\":\"admin\",\"createTime\":\"2023-07-24 17:23:22\",\"dictType\":\"\",\"edit\":true,\"htmlType\":\"input\",\"increment\":false,\"insert\":true,\"isEdit\":\"1\",\"isIncrement\":\"0\",\"isInsert\":\"1\",\"isList\":\"1\",\"isPk\":\"0\",\"isQuery\":\"1\",\"isRequired\":\"1\",\"javaField\":\"linkId\",\"ja','{\"msg\":\"操作成功\",\"code\":200}',0,NULL,'2023-07-24 17:25:57',32),(178,'代码生成',2,'com.ruoyi.generator.controller.GenController.editSave()','PUT',1,'admin',NULL,'/tool/gen','127.0.0.1','内网IP','{\"businessName\":\"settings\",\"className\":\"MimiSystemSettings\",\"codeType\":\"1\",\"columns\":[{\"capJavaField\":\"Id\",\"columnComment\":\"主键ID\",\"columnId\":135,\"columnName\":\"id\",\"columnType\":\"int\",\"createBy\":\"admin\",\"createTime\":\"2023-07-24 17:23:22\",\"dictType\":\"\",\"edit\":false,\"htmlType\":\"input\",\"increment\":true,\"insert\":true,\"isIncrement\":\"1\",\"isInsert\":\"1\",\"isPk\":\"1\",\"javaField\":\"id\",\"javaType\":\"Long\",\"list\":false,\"params\":{},\"pk\":true,\"query\":false,\"queryType\":\"EQ\",\"required\":false,\"sort\":1,\"superColumn\":false,\"tableId\":13,\"updateBy\":\"\",\"usableColumn\":false},{\"capJavaField\":\"SettingKey\",\"columnComment\":\"设置键\",\"columnId\":136,\"columnName\":\"setting_key\",\"columnType\":\"varchar(255)\",\"createBy\":\"admin\",\"createTime\":\"2023-07-24 17:23:22\",\"dictType\":\"\",\"edit\":true,\"htmlType\":\"input\",\"increment\":false,\"insert\":true,\"isEdit\":\"1\",\"isIncrement\":\"0\",\"isInsert\":\"1\",\"isList\":\"1\",\"isPk\":\"0\",\"isQuery\":\"1\",\"isRequired\":\"1\",\"javaField\":\"settingKey\",\"javaType\":\"String\",\"list\":true,\"params\":{},\"pk\":false,\"query\":true,\"queryType\":\"EQ\",\"required\":true,\"sort\":2,\"superColumn\":false,\"tableId\":13,\"updateBy\":\"\",\"usableColumn\":false},{\"capJavaField\":\"SettingValue\",\"columnComment\":\"设置值\",\"columnId\":137,\"columnName\":\"setting_value\",\"columnType\":\"varchar(255)\",\"createBy\":\"admin\",\"createTime\":\"2023-07-24 17:23:22\",\"dictType\":\"\",\"edit\":true,\"htmlType\":\"input\",\"increment\":false,\"insert\":true,\"isEdit\":\"1\",\"isIncrement\":\"0\",\"isInsert\":\"1\",\"isList\":\"1\",\"isPk\":\"0\",\"isQuery\":\"1\",\"isRequired\":\"1\",\"javaField\":\"settingValue\",\"javaType\":\"String\",\"list\":true,\"params\":{},\"pk\":false,\"query\":true,\"queryType\":\"EQ\",\"required\":true,\"sort\":3,\"superColumn\":false,\"tableId\":13,\"updateBy\":\"\",\"usableColumn\":false},{\"capJavaField\":\"CreateBy\",\"columnComment\":\"创建者\",\"columnId\":138,\"columnName\":\"create_by\",\"columnType\":\"varchar(255)\",\"createBy\":\"admin\",\"createTime\":\"2023-07-24 17:23:22\",\"dictType\":\"\",\"edit\":false,\"htmlType\":\"input\",\"increment\":false,\"insert\":true,\"isIncrement\":\"0\",\"isInsert\":\"1\",\"isPk\":\"0\",\"javaField\":\"createBy\",\"javaType\":','{\"msg\":\"操作成功\",\"code\":200}',0,NULL,'2023-07-24 17:26:16',23),(179,'代码生成',8,'com.ruoyi.generator.controller.GenController.batchGenCode()','GET',1,'admin',NULL,'/tool/gen/batchGenCode','127.0.0.1','内网IP','{\"tables\":\"mimi_category,mimi_information,mimi_link,mimi_message,mimi_system_settings\"}',NULL,0,NULL,'2023-07-24 17:26:55',86),(180,'字典类型',3,'com.ruoyi.system.controller.SysDictTypeController.remove()','DELETE',1,'admin',NULL,'/system/dict/type/100','127.0.0.1','内网IP','{}',NULL,1,'删除标志已分配,不能删除','2023-07-24 17:28:34',9),(181,'菜单管理',2,'com.ruoyi.system.controller.SysMenuController.edit()','PUT',1,'admin',NULL,'/system/menu','127.0.0.1','内网IP','{\"children\":[],\"component\":\"mimi/link/index\",\"createTime\":\"2023-07-24 16:39:26\",\"icon\":\"link\",\"isCache\":\"0\",\"isFrame\":\"1\",\"menuId\":2031,\"menuName\":\"链接\",\"menuType\":\"C\",\"orderNum\":1,\"params\":{},\"parentId\":2018,\"path\":\"link\",\"perms\":\"mimi:link:list\",\"status\":\"0\",\"updateBy\":\"admin\",\"visible\":\"0\"}','{\"msg\":\"操作成功\",\"code\":200}',0,NULL,'2023-07-24 17:29:06',37),(182,'菜单管理',2,'com.ruoyi.system.controller.SysMenuController.edit()','PUT',1,'admin',NULL,'/system/menu','127.0.0.1','内网IP','{\"children\":[],\"component\":\"mimi/information/index\",\"createTime\":\"2023-07-24 16:39:30\",\"icon\":\"system\",\"isCache\":\"0\",\"isFrame\":\"1\",\"menuId\":2037,\"menuName\":\"系统信息\",\"menuType\":\"C\",\"orderNum\":1,\"params\":{},\"parentId\":2018,\"path\":\"information\",\"perms\":\"mimi:information:list\",\"status\":\"0\",\"updateBy\":\"admin\",\"visible\":\"0\"}','{\"msg\":\"操作成功\",\"code\":200}',0,NULL,'2023-07-24 17:29:19',15),(183,'菜单管理',2,'com.ruoyi.system.controller.SysMenuController.edit()','PUT',1,'admin',NULL,'/system/menu','127.0.0.1','内网IP','{\"children\":[],\"component\":\"mimi/message/index\",\"createTime\":\"2023-07-24 16:39:20\",\"icon\":\"message\",\"isCache\":\"0\",\"isFrame\":\"1\",\"menuId\":2025,\"menuName\":\"留言\",\"menuType\":\"C\",\"orderNum\":1,\"params\":{},\"parentId\":2018,\"path\":\"message\",\"perms\":\"mimi:message:list\",\"status\":\"0\",\"updateBy\":\"admin\",\"visible\":\"0\"}','{\"msg\":\"操作成功\",\"code\":200}',0,NULL,'2023-07-24 17:29:29',13),(184,'菜单管理',2,'com.ruoyi.system.controller.SysMenuController.edit()','PUT',1,'admin',NULL,'/system/menu','127.0.0.1','内网IP','{\"children\":[],\"component\":\"mimi/information/index\",\"createTime\":\"2023-07-24 16:39:30\",\"icon\":\"message\",\"isCache\":\"0\",\"isFrame\":\"1\",\"menuId\":2037,\"menuName\":\"系统信息\",\"menuType\":\"C\",\"orderNum\":1,\"params\":{},\"parentId\":2018,\"path\":\"information\",\"perms\":\"mimi:information:list\",\"status\":\"0\",\"updateBy\":\"admin\",\"visible\":\"0\"}','{\"msg\":\"操作成功\",\"code\":200}',0,NULL,'2023-07-24 17:29:45',14),(185,'菜单管理',2,'com.ruoyi.system.controller.SysMenuController.edit()','PUT',1,'admin',NULL,'/system/menu','127.0.0.1','内网IP','{\"children\":[],\"component\":\"mimi/settings/index\",\"createTime\":\"2023-07-24 16:38:59\",\"icon\":\"system\",\"isCache\":\"0\",\"isFrame\":\"1\",\"menuId\":2019,\"menuName\":\"系统设置\",\"menuType\":\"C\",\"orderNum\":1,\"params\":{},\"parentId\":2018,\"path\":\"settings\",\"perms\":\"mimi:settings:list\",\"status\":\"0\",\"updateBy\":\"admin\",\"visible\":\"0\"}','{\"msg\":\"操作成功\",\"code\":200}',0,NULL,'2023-07-24 17:29:55',13),(186,'代码生成',2,'com.ruoyi.generator.controller.GenController.editSave()','PUT',1,'admin',NULL,'/tool/gen','127.0.0.1','内网IP','{\"businessName\":\"category\",\"className\":\"MimiCategory\",\"codeType\":\"1\",\"columns\":[{\"capJavaField\":\"Id\",\"columnComment\":\"分类ID\",\"columnId\":85,\"columnName\":\"id\",\"columnType\":\"int\",\"createBy\":\"admin\",\"createTime\":\"2023-07-24 17:23:22\",\"dictType\":\"\",\"edit\":false,\"htmlType\":\"input\",\"increment\":true,\"insert\":true,\"isIncrement\":\"1\",\"isInsert\":\"1\",\"isPk\":\"1\",\"isQuery\":\"1\",\"javaField\":\"id\",\"javaType\":\"Long\",\"list\":false,\"params\":{},\"pk\":true,\"query\":true,\"queryType\":\"EQ\",\"required\":false,\"sort\":1,\"superColumn\":false,\"tableId\":9,\"updateBy\":\"\",\"updateTime\":\"2023-07-24 17:24:32\",\"usableColumn\":false},{\"capJavaField\":\"ParentId\",\"columnComment\":\"所属分类ID\",\"columnId\":86,\"columnName\":\"parent_id\",\"columnType\":\"int\",\"createBy\":\"admin\",\"createTime\":\"2023-07-24 17:23:22\",\"dictType\":\"\",\"edit\":true,\"htmlType\":\"input\",\"increment\":false,\"insert\":true,\"isEdit\":\"1\",\"isIncrement\":\"0\",\"isInsert\":\"1\",\"isList\":\"1\",\"isPk\":\"0\",\"isQuery\":\"1\",\"javaField\":\"parentId\",\"javaType\":\"Long\",\"list\":true,\"params\":{},\"pk\":false,\"query\":true,\"queryType\":\"EQ\",\"required\":false,\"sort\":2,\"superColumn\":true,\"tableId\":9,\"updateBy\":\"\",\"updateTime\":\"2023-07-24 17:24:32\",\"usableColumn\":true},{\"capJavaField\":\"Name\",\"columnComment\":\"分类名称\",\"columnId\":87,\"columnName\":\"name\",\"columnType\":\"varchar(255)\",\"createBy\":\"admin\",\"createTime\":\"2023-07-24 17:23:22\",\"dictType\":\"\",\"edit\":true,\"htmlType\":\"input\",\"increment\":false,\"insert\":true,\"isEdit\":\"1\",\"isIncrement\":\"0\",\"isInsert\":\"1\",\"isList\":\"1\",\"isPk\":\"0\",\"isQuery\":\"1\",\"isRequired\":\"1\",\"javaField\":\"name\",\"javaType\":\"String\",\"list\":true,\"params\":{},\"pk\":false,\"query\":true,\"queryType\":\"LIKE\",\"required\":true,\"sort\":3,\"superColumn\":false,\"tableId\":9,\"updateBy\":\"\",\"updateTime\":\"2023-07-24 17:24:32\",\"usableColumn\":false},{\"capJavaField\":\"Ancestors\",\"columnComment\":\"祖级列表\",\"columnId\":88,\"columnName\":\"ancestors\",\"columnType\":\"varchar(255)\",\"createBy\":\"admin\",\"createTime\":\"2023-07-24 17:23:22\",\"dictType\":\"\",\"edit\":true,\"htmlType\":\"input\",\"increment\":false,\"insert\":true,\"isEdit\":\"1\",\"isIncrement\"','{\"msg\":\"操作成功\",\"code\":200}',0,NULL,'2023-07-24 17:32:28',54),(187,'代码生成',8,'com.ruoyi.generator.controller.GenController.batchGenCode()','GET',1,'admin',NULL,'/tool/gen/batchGenCode','127.0.0.1','内网IP','{\"tables\":\"mimi_category\"}',NULL,0,NULL,'2023-07-24 17:32:35',104),(188,'分类',2,'com.ruoyi.mimi.controller.MimiCategoryController.edit()','PUT',1,'admin',NULL,'/mimi/category','127.0.0.1','内网IP','{\"ancestors\":\"2\",\"children\":[],\"createTime\":\"2023-07-24 16:12:47\",\"delFlag\":0,\"id\":6,\"isShow\":0,\"name\":\"搜索网站\",\"orderNum\":1,\"params\":{},\"parentId\":1,\"pic\":\"search.jpg\",\"updateBy\":\"admin\",\"updateTime\":\"2023-07-24 16:12:47\"}','{\"msg\":\"操作成功\",\"code\":200}',0,NULL,'2023-07-24 17:33:52',31),(189,'分类',2,'com.ruoyi.mimi.controller.MimiCategoryController.edit()','PUT',1,'admin',NULL,'/mimi/category','127.0.0.1','内网IP','{\"ancestors\":\"2\",\"children\":[],\"createTime\":\"2023-07-24 16:12:47\",\"delFlag\":0,\"id\":6,\"isShow\":1,\"name\":\"搜索网站\",\"orderNum\":1,\"params\":{},\"parentId\":1,\"pic\":\"search.jpg\",\"updateBy\":\"admin\",\"updateTime\":\"2023-07-24 16:12:47\"}','{\"msg\":\"操作成功\",\"code\":200}',0,NULL,'2023-07-24 17:34:11',11);

/*Table structure for table `sys_post` */

DROP TABLE IF EXISTS `sys_post`;

CREATE TABLE `sys_post` (
  `post_id` bigint NOT NULL AUTO_INCREMENT COMMENT '岗位ID',
  `post_code` varchar(64) CHARACTER SET utf8mb4 COLLATE utf8mb4_general_ci NOT NULL COMMENT '岗位编码',
  `post_name` varchar(50) CHARACTER SET utf8mb4 COLLATE utf8mb4_general_ci NOT NULL COMMENT '岗位名称',
  `post_sort` int NOT NULL COMMENT '显示顺序',
  `status` char(1) CHARACTER SET utf8mb4 COLLATE utf8mb4_general_ci NOT NULL COMMENT '状态（0正常 1停用）',
  `create_by` varchar(64) CHARACTER SET utf8mb4 COLLATE utf8mb4_general_ci DEFAULT '' COMMENT '创建者',
  `create_time` datetime DEFAULT NULL COMMENT '创建时间',
  `update_by` varchar(64) CHARACTER SET utf8mb4 COLLATE utf8mb4_general_ci DEFAULT '' COMMENT '更新者',
  `update_time` datetime DEFAULT NULL COMMENT '更新时间',
  `remark` varchar(500) CHARACTER SET utf8mb4 COLLATE utf8mb4_general_ci DEFAULT NULL COMMENT '备注',
  PRIMARY KEY (`post_id`)
) ENGINE=InnoDB AUTO_INCREMENT=5 DEFAULT CHARSET=utf8mb4 COLLATE=utf8mb4_general_ci COMMENT='岗位信息表';

/*Data for the table `sys_post` */

insert  into `sys_post`(`post_id`,`post_code`,`post_name`,`post_sort`,`status`,`create_by`,`create_time`,`update_by`,`update_time`,`remark`) values (1,'ceo','董事长',1,'0','admin','2023-07-05 22:03:23','',NULL,''),(2,'se','项目经理',2,'0','admin','2023-07-05 22:03:23','',NULL,''),(3,'hr','人力资源',3,'0','admin','2023-07-05 22:03:23','',NULL,''),(4,'user','普通员工',4,'0','admin','2023-07-05 22:03:23','',NULL,'');

/*Table structure for table `sys_role` */

DROP TABLE IF EXISTS `sys_role`;

CREATE TABLE `sys_role` (
  `role_id` bigint NOT NULL AUTO_INCREMENT COMMENT '角色ID',
  `role_name` varchar(30) CHARACTER SET utf8mb4 COLLATE utf8mb4_general_ci NOT NULL COMMENT '角色名称',
  `role_key` varchar(100) CHARACTER SET utf8mb4 COLLATE utf8mb4_general_ci NOT NULL COMMENT '角色权限字符串',
  `role_sort` int NOT NULL COMMENT '显示顺序',
  `data_scope` char(1) CHARACTER SET utf8mb4 COLLATE utf8mb4_general_ci DEFAULT '1' COMMENT '数据范围（1：全部数据权限 2：自定数据权限 3：本部门数据权限 4：本部门及以下数据权限）',
  `menu_check_strictly` tinyint(1) DEFAULT '1' COMMENT '菜单树选择项是否关联显示',
  `dept_check_strictly` tinyint(1) DEFAULT '1' COMMENT '部门树选择项是否关联显示',
  `status` char(1) CHARACTER SET utf8mb4 COLLATE utf8mb4_general_ci NOT NULL COMMENT '角色状态（0正常 1停用）',
  `del_flag` char(1) CHARACTER SET utf8mb4 COLLATE utf8mb4_general_ci DEFAULT '0' COMMENT '删除标志（0代表存在 2代表删除）',
  `create_by` varchar(64) CHARACTER SET utf8mb4 COLLATE utf8mb4_general_ci DEFAULT '' COMMENT '创建者',
  `create_time` datetime DEFAULT NULL COMMENT '创建时间',
  `update_by` varchar(64) CHARACTER SET utf8mb4 COLLATE utf8mb4_general_ci DEFAULT '' COMMENT '更新者',
  `update_time` datetime DEFAULT NULL COMMENT '更新时间',
  `remark` varchar(500) CHARACTER SET utf8mb4 COLLATE utf8mb4_general_ci DEFAULT NULL COMMENT '备注',
  PRIMARY KEY (`role_id`)
) ENGINE=InnoDB AUTO_INCREMENT=100 DEFAULT CHARSET=utf8mb4 COLLATE=utf8mb4_general_ci COMMENT='角色信息表';

/*Data for the table `sys_role` */

insert  into `sys_role`(`role_id`,`role_name`,`role_key`,`role_sort`,`data_scope`,`menu_check_strictly`,`dept_check_strictly`,`status`,`del_flag`,`create_by`,`create_time`,`update_by`,`update_time`,`remark`) values (1,'超级管理员','admin',1,'1',1,1,'0','0','admin','2023-07-05 22:03:25','',NULL,'超级管理员'),(2,'普通角色','common',2,'2',1,1,'0','0','admin','2023-07-05 22:03:25','',NULL,'普通角色');

/*Table structure for table `sys_role_dept` */

DROP TABLE IF EXISTS `sys_role_dept`;

CREATE TABLE `sys_role_dept` (
  `role_id` bigint NOT NULL COMMENT '角色ID',
  `dept_id` bigint NOT NULL COMMENT '部门ID',
  PRIMARY KEY (`role_id`,`dept_id`)
) ENGINE=InnoDB DEFAULT CHARSET=utf8mb4 COLLATE=utf8mb4_general_ci COMMENT='角色和部门关联表';

/*Data for the table `sys_role_dept` */

insert  into `sys_role_dept`(`role_id`,`dept_id`) values (2,100),(2,101),(2,105);

/*Table structure for table `sys_role_menu` */

DROP TABLE IF EXISTS `sys_role_menu`;

CREATE TABLE `sys_role_menu` (
  `role_id` bigint NOT NULL COMMENT '角色ID',
  `menu_id` bigint NOT NULL COMMENT '菜单ID',
  PRIMARY KEY (`role_id`,`menu_id`)
) ENGINE=InnoDB DEFAULT CHARSET=utf8mb4 COLLATE=utf8mb4_general_ci COMMENT='角色和菜单关联表';

/*Data for the table `sys_role_menu` */

insert  into `sys_role_menu`(`role_id`,`menu_id`) values (2,1),(2,2),(2,3),(2,4),(2,100),(2,101),(2,102),(2,103),(2,104),(2,105),(2,106),(2,107),(2,108),(2,109),(2,110),(2,111),(2,112),(2,113),(2,114),(2,115),(2,116),(2,117),(2,500),(2,501),(2,1000),(2,1001),(2,1002),(2,1003),(2,1004),(2,1005),(2,1006),(2,1007),(2,1008),(2,1009),(2,1010),(2,1011),(2,1012),(2,1013),(2,1014),(2,1015),(2,1016),(2,1017),(2,1018),(2,1019),(2,1020),(2,1021),(2,1022),(2,1023),(2,1024),(2,1025),(2,1026),(2,1027),(2,1028),(2,1029),(2,1030),(2,1031),(2,1032),(2,1033),(2,1034),(2,1035),(2,1036),(2,1037),(2,1038),(2,1039),(2,1040),(2,1041),(2,1042),(2,1043),(2,1044),(2,1045),(2,1046),(2,1047),(2,1048),(2,1049),(2,1050),(2,1051),(2,1052),(2,1053),(2,1054),(2,1055),(2,1056),(2,1057),(2,1058),(2,1059),(2,1060);

/*Table structure for table `sys_user` */

DROP TABLE IF EXISTS `sys_user`;

CREATE TABLE `sys_user` (
  `user_id` bigint NOT NULL AUTO_INCREMENT COMMENT '用户ID',
  `dept_id` bigint DEFAULT NULL COMMENT '部门ID',
  `user_name` varchar(30) CHARACTER SET utf8mb4 COLLATE utf8mb4_general_ci NOT NULL COMMENT '用户账号',
  `nick_name` varchar(30) CHARACTER SET utf8mb4 COLLATE utf8mb4_general_ci NOT NULL COMMENT '用户昵称',
  `user_type` varchar(2) CHARACTER SET utf8mb4 COLLATE utf8mb4_general_ci DEFAULT '00' COMMENT '用户类型（00系统用户）',
  `email` varchar(50) CHARACTER SET utf8mb4 COLLATE utf8mb4_general_ci DEFAULT '' COMMENT '用户邮箱',
  `phonenumber` varchar(11) CHARACTER SET utf8mb4 COLLATE utf8mb4_general_ci DEFAULT '' COMMENT '手机号码',
  `sex` char(1) CHARACTER SET utf8mb4 COLLATE utf8mb4_general_ci DEFAULT '0' COMMENT '用户性别（0男 1女 2未知）',
  `avatar` varchar(100) CHARACTER SET utf8mb4 COLLATE utf8mb4_general_ci DEFAULT '' COMMENT '头像地址',
  `password` varchar(100) CHARACTER SET utf8mb4 COLLATE utf8mb4_general_ci DEFAULT '' COMMENT '密码',
  `status` char(1) CHARACTER SET utf8mb4 COLLATE utf8mb4_general_ci DEFAULT '0' COMMENT '帐号状态（0正常 1停用）',
  `del_flag` char(1) CHARACTER SET utf8mb4 COLLATE utf8mb4_general_ci DEFAULT '0' COMMENT '删除标志（0代表存在 2代表删除）',
  `login_ip` varchar(128) CHARACTER SET utf8mb4 COLLATE utf8mb4_general_ci DEFAULT '' COMMENT '最后登录IP',
  `login_date` datetime DEFAULT NULL COMMENT '最后登录时间',
  `create_by` varchar(64) CHARACTER SET utf8mb4 COLLATE utf8mb4_general_ci DEFAULT '' COMMENT '创建者',
  `create_time` datetime DEFAULT NULL COMMENT '创建时间',
  `update_by` varchar(64) CHARACTER SET utf8mb4 COLLATE utf8mb4_general_ci DEFAULT '' COMMENT '更新者',
  `update_time` datetime DEFAULT NULL COMMENT '更新时间',
  `remark` varchar(500) CHARACTER SET utf8mb4 COLLATE utf8mb4_general_ci DEFAULT NULL COMMENT '备注',
  PRIMARY KEY (`user_id`)
) ENGINE=InnoDB AUTO_INCREMENT=100 DEFAULT CHARSET=utf8mb4 COLLATE=utf8mb4_general_ci COMMENT='用户信息表';

/*Data for the table `sys_user` */

insert  into `sys_user`(`user_id`,`dept_id`,`user_name`,`nick_name`,`user_type`,`email`,`phonenumber`,`sex`,`avatar`,`password`,`status`,`del_flag`,`login_ip`,`login_date`,`create_by`,`create_time`,`update_by`,`update_time`,`remark`) values (1,103,'admin','若依','00','ry@163.com','15888888888','1','','$2a$10$7JB720yubVSZvUI0rEqK/.VqGOZTH.ulu33dHOiBE8ByOhJIrdAu2','0','0','127.0.0.1','2023-07-24 17:35:56','admin','2023-07-05 22:03:21','','2023-07-24 17:35:55','管理员'),(2,105,'ry','若依','00','ry@qq.com','15666666666','1','','$2a$10$7JB720yubVSZvUI0rEqK/.VqGOZTH.ulu33dHOiBE8ByOhJIrdAu2','0','0','127.0.0.1','2023-07-05 22:03:21','admin','2023-07-05 22:03:21','',NULL,'测试员');

/*Table structure for table `sys_user_post` */

DROP TABLE IF EXISTS `sys_user_post`;

CREATE TABLE `sys_user_post` (
  `user_id` bigint NOT NULL COMMENT '用户ID',
  `post_id` bigint NOT NULL COMMENT '岗位ID',
  PRIMARY KEY (`user_id`,`post_id`)
) ENGINE=InnoDB DEFAULT CHARSET=utf8mb4 COLLATE=utf8mb4_general_ci COMMENT='用户与岗位关联表';

/*Data for the table `sys_user_post` */

insert  into `sys_user_post`(`user_id`,`post_id`) values (1,1),(2,2);

/*Table structure for table `sys_user_role` */

DROP TABLE IF EXISTS `sys_user_role`;

CREATE TABLE `sys_user_role` (
  `user_id` bigint NOT NULL COMMENT '用户ID',
  `role_id` bigint NOT NULL COMMENT '角色ID',
  PRIMARY KEY (`user_id`,`role_id`)
) ENGINE=InnoDB DEFAULT CHARSET=utf8mb4 COLLATE=utf8mb4_general_ci COMMENT='用户和角色关联表';

/*Data for the table `sys_user_role` */

insert  into `sys_user_role`(`user_id`,`role_id`) values (1,1),(2,2);

/*!40101 SET SQL_MODE=@OLD_SQL_MODE */;
/*!40014 SET UNIQUE_CHECKS=@OLD_UNIQUE_CHECKS */;
/*!40111 SET SQL_NOTES=@OLD_SQL_NOTES */;
